#
# A fatal error has been detected by the Java Runtime Environment:
#
#  EXCEPTION_ACCESS_VIOLATION (0xc0000005) at pc=0x00007ffce04bd0b1, pid=17452, tid=16592
#
# JRE version: OpenJDK Runtime Environment Temurin-21.0.10+7 (21.0.10+7) (build 21.0.10+7-LTS)
# Java VM: OpenJDK 64-Bit Server VM Temurin-21.0.10+7 (21.0.10+7-LTS, mixed mode, sharing, tiered, compressed oops, compressed class ptrs, g1 gc, windows-amd64)
# Problematic frame:
# V  [jvm.dll+0x3bd0b1]
#
# No core dump will be written. Minidumps are not enabled by default on client versions of Windows
#
# If you would like to submit a bug report, please visit:
#   https://github.com/adoptium/adoptium-support/issues
#

---------------  S U M M A R Y ------------

Command Line: --add-opens=java.base/java.lang=ALL-UNNAMED --add-opens=java.base/java.lang.invoke=ALL-UNNAMED --add-opens=java.base/java.util=ALL-UNNAMED --add-opens=java.prefs/java.util.prefs=ALL-UNNAMED --add-exports=jdk.compiler/com.sun.tools.javac.api=ALL-UNNAMED --add-exports=jdk.compiler/com.sun.tools.javac.util=ALL-UNNAMED --add-opens=java.base/java.util=ALL-UNNAMED --add-opens=java.prefs/java.util.prefs=ALL-UNNAMED --add-opens=java.base/java.nio.charset=ALL-UNNAMED --add-opens=java.base/java.net=ALL-UNNAMED --add-opens=java.base/java.util.concurrent.atomic=ALL-UNNAMED --add-opens=java.xml/javax.xml.namespace=ALL-UNNAMED -XX:MaxMetaspaceSize=512m -Xmx4g -Dfile.encoding=UTF-8 -Duser.country=CO -Duser.language=es -Duser.variant -javaagent:C:\Users\User\.gradle\wrapper\dists\gradle-8.14-all\c2qonpi39x1mddn7hk5gh9iqj\gradle-8.14\lib\agents\gradle-instrumentation-agent-8.14.jar org.gradle.launcher.daemon.bootstrap.GradleDaemon 8.14

Host: 11th Gen Intel(R) Core(TM) i5-1135G7 @ 2.40GHz, 8 cores, 7G,  Windows 11 , 64 bit Build 26100 (10.0.26100.7920)
Time: Tue Apr 28 11:28:13 2026 Hora est. Pacífico, Sudamérica elapsed time: 115.072633 seconds (0d 0h 1m 55s)

---------------  T H R E A D  ---------------

Current thread (0x0000020d817bdfc0):  JavaThread "C2 CompilerThread1" daemon [_thread_in_native, id=16592, stack(0x000000b975e00000,0x000000b975f00000) (1024K)]


Current CompileTask:
C2:115072 16434       4       org.gradle.internal.vfs.impl.DefaultFileSystemAccess::snapshot (60 bytes)

Stack: [0x000000b975e00000,0x000000b975f00000],  sp=0x000000b975efc9a0,  free space=1010k
Native frames: (J=compiled Java code, j=interpreted, Vv=VM code, C=native code)
V  [jvm.dll+0x3bd0b1]
V  [jvm.dll+0x1e3dac]
V  [jvm.dll+0x24c6b3]
V  [jvm.dll+0x24bb40]
V  [jvm.dll+0x1cb34e]
V  [jvm.dll+0x25b85d]
V  [jvm.dll+0x259dea]
V  [jvm.dll+0x3f857e]
V  [jvm.dll+0x85f59d]
V  [jvm.dll+0x6d626d]
C  [ucrtbase.dll+0x37b0]
C  [KERNEL32.DLL+0x2e8d7]
C  [ntdll.dll+0x8c48c]


siginfo: EXCEPTION_ACCESS_VIOLATION (0xc0000005), reading address 0x0000020d8a0c87dc


Registers:
RAX=0x0000000000008521, RBX=0x0000000000000016, RCX=0x0000020d8a0c8740, RDX=0x0000000000000000
RSP=0x000000b975efc9a0, RBP=0x000000b975efcae0, RSI=0x0000000000000002, RDI=0x0000000000000086
R8 =0x0000000000000000, R9 =0x000000002000000c, R10=0x0000000000008521, R11=0x0000000000000001
R12=0x0000000000000000, R13=0x0000020d82a02db0, R14=0x0000000000000018, R15=0x0000000000000001
RIP=0x00007ffce04bd0b1, EFLAGS=0x0000000000010202

XMM[0]=0x0000000000000000 0x0000000000000000
XMM[1]=0x0000000000000000 0x0000000000000000
XMM[2]=0x0000000000000000 0x0000000000000000
XMM[3]=0x0000000000000000 0x0000000000000000
XMM[4]=0x0000000000000000 0x0000000000000000
XMM[5]=0x0000000000000000 0x0000000000000000
XMM[6]=0x0000000000000000 0x0000000000000000
XMM[7]=0x0000000000000000 0x0000000000000000
XMM[8]=0x0000000000000000 0x0000000000000000
XMM[9]=0x0000000000000000 0x0000000000000000
XMM[10]=0x0000000000000000 0x0000000000000000
XMM[11]=0x0000000000000000 0x0000000000000000
XMM[12]=0x0000000000000000 0x0000000000000000
XMM[13]=0x0000000000000000 0x0000000000000000
XMM[14]=0x0000000000000000 0x0000000000000000
XMM[15]=0x0000000000000000 0x0000000000000000
  MXCSR=0x00001fa0


Register to memory mapping:

RAX=0x0000000000008521 is an unknown value
RBX=0x0000000000000016 is an unknown value
RCX=0x0000020d8a0c8740 is an unknown value
RDX=0x0 is null
RSP=0x000000b975efc9a0 is pointing into the stack for thread: 0x0000020d817bdfc0
RBP=0x000000b975efcae0 is pointing into the stack for thread: 0x0000020d817bdfc0
RSI=0x0000000000000002 is an unknown value
RDI=0x0000000000000086 is an unknown value
R8 =0x0 is null
R9 =0x000000002000000c is an unknown value
R10=0x0000000000008521 is an unknown value
R11=0x0000000000000001 is an unknown value
R12=0x0 is null
R13=0x0000020d82a02db0 points into unknown readable memory: 0x000000b900000002 | 02 00 00 00 b9 00 00 00
R14=0x0000000000000018 is an unknown value
R15=0x0000000000000001 is an unknown value

Top of Stack: (sp=0x000000b975efc9a0)
0x000000b975efc9a0:   0000000000000002 0000000000000013
0x000000b975efc9b0:   0000020dfe093900 0000000000000000
0x000000b975efc9c0:   0000000000000000 0000000100008521
0x000000b975efc9d0:   2000000c00000086 0000020d876a18a0
0x000000b975efc9e0:   0000020dff5d9940 0000020d890a2440
0x000000b975efc9f0:   000000b975efcf60 0000000000000008
0x000000b975efca00:   000000b975efcb10 00007ffce02e3dac
0x000000b975efca10:   000000b975efce80 000000b975efce90
0x000000b975efca20:   000000b975efe340 0000020d82a02da0
0x000000b975efca30:   0000020d00000000 0000000000000000
0x000000b975efca40:   0000000000000007 0000020d82a02da0
0x000000b975efca50:   0000020d8797a010 0000020d8797b9a0
0x000000b975efca60:   0000020d87981ff8 00000000003c9898
0x000000b975efca70:   0000020d82a02da0 0000000000000000
0x000000b975efca80:   0000000000000000 0000000000000000
0x000000b975efca90:   0000000000000010 0000000000004000
0x000000b975efcaa0:   0000000000007fd8 00007ffce0b0c2a0
0x000000b975efcab0:   0000000000000000 000000b975efe340
0x000000b975efcac0:   0000000000000000 00007ffce0b0c2a0
0x000000b975efcad0:   0000000000007f00 00007ffce01c665e
0x000000b975efcae0:   00007ffc0000000c 000000b975efe340
0x000000b975efcaf0:   0000020d890a1540 0000020dfe093901
0x000000b975efcb00:   0000020d89b10090 0000020d000012b3
0x000000b975efcb10:   000000b975efca40 0000020d82a02db0
0x000000b975efcb20:   00007ffce0b0c270 0000020d0000000d
0x000000b975efcb30:   000000b975efe340 000000b975efce80
0x000000b975efcb40:   0000020d000023a1 0000000000008e88
0x000000b975efcb50:   0000020d0000000a 000000b975efe340
0x000000b975efcb60:   0000020d88fe73f0 0000000000000000
0x000000b975efcb70:   0000020d8915c540 0000020d87998380
0x000000b975efcb80:   0000020d8799ac68 000000b975efcde0
0x000000b975efcb90:   000000b975efcf80 0000020d000012b3 

Instructions: (pc=0x00007ffce04bd0b1)
0x00007ffce04bcfb1:   e9 45 8b f4 44 39 61 28 0f 86 5b 01 00 00 48 89
0x00007ffce04bcfc1:   58 08 48 89 70 10 48 89 78 18 4c 89 78 20 90 41
0x00007ffce04bcfd1:   8b c6 41 8b dc 4c 8d 04 80 49 c1 e0 05 4c 03 45
0x00007ffce04bcfe1:   10 45 39 20 0f 84 f6 00 00 00 48 69 c8 b0 00 00
0x00007ffce04bcff1:   00 48 8b 45 20 49 8b d4 41 bb 04 00 00 00 45 8b
0x00007ffce04bd001:   d4 41 8b fc 0f b7 b4 01 9c 00 00 00 44 8b bc 01
0x00007ffce04bd011:   a8 00 00 00 48 89 54 24 20 44 89 64 24 28 4c 89
0x00007ffce04bd021:   5c 24 2c 45 39 20 75 0a 45 8b cc 44 89 64 24 34
0x00007ffce04bd031:   eb 09 45 8b 48 04 44 89 4c 24 34 4c 89 64 24 38
0x00007ffce04bd041:   49 8b 40 08 48 89 44 24 40 4c 89 44 24 48 90 48
0x00007ffce04bd051:   85 d2 74 1e 48 0f bc c2 8b c8 48 d3 ea 48 ff ca
0x00007ffce04bd061:   44 03 d0 48 89 54 24 20 44 89 54 24 28 41 8b c2
0x00007ffce04bd071:   eb 2d 41 83 fb 04 72 05 41 3b f9 73 63 48 8d 4c
0x00007ffce04bd081:   24 20 e8 b8 6a 00 00 44 8b 4c 24 34 44 8b 5c 24
0x00007ffce04bd091:   2c 44 8b 54 24 28 48 8b 54 24 20 8b 7c 24 30 85
0x00007ffce04bd0a1:   c0 74 3d 8b c0 48 69 c8 b0 00 00 00 48 03 4d 20
0x00007ffce04bd0b1:   0f b7 81 9c 00 00 00 41 0f ba e7 0a 72 18 f7 81
0x00007ffce04bd0c1:   a8 00 00 00 00 04 00 00 75 0c 3b f0 0f 47 c6 03
0x00007ffce04bd0d1:   d8 e9 79 ff ff ff 0f af c6 03 d8 e9 6f ff ff ff
0x00007ffce04bd0e1:   41 8b c6 41 ff c6 48 69 c8 b0 00 00 00 48 8b 45
0x00007ffce04bd0f1:   20 89 5c 01 34 44 3b 75 28 0f 82 d0 fe ff ff 4c
0x00007ffce04bd101:   8b bc 24 88 00 00 00 48 8b bc 24 80 00 00 00 48
0x00007ffce04bd111:   8b 74 24 78 48 8b 5c 24 70 48 83 c4 50 41 5e 41
0x00007ffce04bd121:   5c 5d c3 cc cc cc cc cc cc cc cc cc cc cc cc 48
0x00007ffce04bd131:   8b c4 55 57 41 54 48 83 ec 50 45 33 e4 48 8b e9
0x00007ffce04bd141:   41 8b fc 44 39 61 28 0f 86 62 01 00 00 48 89 58
0x00007ffce04bd151:   08 48 89 70 10 4c 89 70 18 4c 89 78 20 4c 8d 3d
0x00007ffce04bd161:   1b 94 8e 00 66 66 66 0f 1f 84 00 00 00 00 00 8b
0x00007ffce04bd171:   f7 4c 8d 04 b6 49 c1 e0 05 4c 03 45 10 45 39 20
0x00007ffce04bd181:   0f 84 f7 00 00 00 44 89 64 24 28 49 8b d4 48 89
0x00007ffce04bd191:   54 24 20 44 8b f6 48 c7 44 24 2c 04 00 00 00 41
0x00007ffce04bd1a1:   83 e6 3f 41 8b 40 04 89 44 24 34 4c 89 64 24 38 


Stack slot to memory mapping:

stack at sp + 0 slots: 0x0000000000000002 is an unknown value
stack at sp + 1 slots: 0x0000000000000013 is an unknown value
stack at sp + 2 slots: 0x0000020dfe093900 points into unknown readable memory: 0x0000000000000000 | 00 00 00 00 00 00 00 00
stack at sp + 3 slots: 0x0 is null
stack at sp + 4 slots: 0x0 is null
stack at sp + 5 slots: 0x0000000100008521 is an unknown value
stack at sp + 6 slots: 0x2000000c00000086 is an unknown value
stack at sp + 7 slots: 0x0000020d876a18a0 points into unknown readable memory: 0x0000000200000000 | 00 00 00 00 02 00 00 00


---------------  P R O C E S S  ---------------

Threads class SMR info:
_java_thread_list=0x0000020d81d5cec0, length=136, elements={
0x0000020dc24609f0, 0x0000020ddbd64880, 0x0000020ddbd672f0, 0x0000020ddbd6e370,
0x0000020ddbd6f180, 0x0000020ddbd6fbe0, 0x0000020ddbd70640, 0x0000020ddbd71630,
0x0000020ddbd79840, 0x0000020ddc5a7f40, 0x0000020ddc6bdf40, 0x0000020dfc4f5ff0,
0x0000020ddc7bbee0, 0x0000020dfd2b87b0, 0x0000020dfcc198e0, 0x0000020ddc5d9650,
0x0000020dfd4bd2e0, 0x0000020dfd2b62e0, 0x0000020dfd769aa0, 0x0000020dfd7686f0,
0x0000020dfd7679d0, 0x0000020dfd76a130, 0x0000020dfd768d80, 0x0000020dfd766cb0,
0x0000020dfd767340, 0x0000020dfd768060, 0x0000020dfed08c40, 0x0000020dfed07f20,
0x0000020dfed0a680, 0x0000020dfed0ad10, 0x0000020dfed09960, 0x0000020dfed085b0,
0x0000020dfed07890, 0x0000020dfed0b3a0, 0x0000020dfed0ba30, 0x0000020dfed092d0,
0x0000020dfed0cde0, 0x0000020dfed0db00, 0x0000020dfed0d470, 0x0000020dfed0e190,
0x0000020dfed0c750, 0x0000020dfef6ffb0, 0x0000020dfef73ac0, 0x0000020dfef71360,
0x0000020dfef70cd0, 0x0000020dfef70640, 0x0000020dfef74e70, 0x0000020dfef719f0,
0x0000020dfef74150, 0x0000020dfef747e0, 0x0000020dfef72710, 0x0000020dfef75500,
0x0000020dfef72080, 0x0000020dfef768b0, 0x0000020dfef775d0, 0x0000020dfef76f40,
0x0000020dfef76220, 0x0000020dfef75b90, 0x0000020dfe9693f0, 0x0000020dfe96ae30,
0x0000020dfe96b4c0, 0x0000020dfe96c1e0, 0x0000020dfe969a80, 0x0000020dfe96bb50,
0x0000020dfdf27e00, 0x0000020dfdf28b20, 0x0000020dfdf256a0, 0x0000020dfdf291b0,
0x0000020dfdf25d30, 0x0000020dfdf26a50, 0x0000020dfdf29ed0, 0x0000020dfdf2a560,
0x0000020dfdf29840, 0x0000020dfdf270e0, 0x0000020dfdf2b280, 0x0000020dfdf2abf0,
0x0000020dfdf2b910, 0x0000020dfdf2bfa0, 0x0000020dfdf2ccc0, 0x0000020dfdf2c630,
0x0000020dfde95e90, 0x0000020dfde94ae0, 0x0000020dfde95170, 0x0000020dfde96520,
0x0000020dfde96bb0, 0x0000020dfde97240, 0x0000020dfde94450, 0x0000020dfde97f60,
0x0000020dfde985f0, 0x0000020dfde978d0, 0x0000020dfde98c80, 0x0000020dfde95800,
0x0000020dfde99310, 0x0000020dfde9a030, 0x0000020dfde999a0, 0x0000020dfde9a6c0,
0x0000020dfde9ad50, 0x0000020dfde9b3e0, 0x0000020dfde9ba70, 0x0000020d8112b6f0,
0x0000020d8112bd80, 0x0000020d8112caa0, 0x0000020d8112d7c0, 0x0000020d8112d130,
0x0000020d8112de50, 0x0000020d8112c410, 0x0000020d8112e4e0, 0x0000020d8112b060,
0x0000020d81131960, 0x0000020d8112f200, 0x0000020d811305b0, 0x0000020d8112eb70,
0x0000020d81131ff0, 0x0000020d8112ff20, 0x0000020d81130c40, 0x0000020d81132680,
0x0000020d8112f890, 0x0000020d820233e0, 0x0000020d82025b40, 0x0000020dfe2bcbb0,
0x0000020dfe2bd240, 0x0000020dfe2b9dc0, 0x0000020dfe2ba450, 0x0000020dfe2bd8d0,
0x0000020dfe2bdf60, 0x0000020dfe2baae0, 0x0000020dfe2c0030, 0x0000020dfe2c06c0,
0x0000020dfe2c0d50, 0x0000020dfe2bf310, 0x0000020dfe2be5f0, 0x0000020dfe2bec80,
0x0000020dfe2bf9a0, 0x0000020d82584dd0, 0x0000020d82582d00, 0x0000020d817bdfc0
}

Java Threads: ( => current thread )
  0x0000020dc24609f0 JavaThread "main"                              [_thread_blocked, id=17568, stack(0x000000b96d900000,0x000000b96da00000) (1024K)]
  0x0000020ddbd64880 JavaThread "Reference Handler"          daemon [_thread_blocked, id=18312, stack(0x000000b96e100000,0x000000b96e200000) (1024K)]
  0x0000020ddbd672f0 JavaThread "Finalizer"                  daemon [_thread_blocked, id=18296, stack(0x000000b96e200000,0x000000b96e300000) (1024K)]
  0x0000020ddbd6e370 JavaThread "Signal Dispatcher"          daemon [_thread_blocked, id=18400, stack(0x000000b96e300000,0x000000b96e400000) (1024K)]
  0x0000020ddbd6f180 JavaThread "Attach Listener"            daemon [_thread_blocked, id=18212, stack(0x000000b96e400000,0x000000b96e500000) (1024K)]
  0x0000020ddbd6fbe0 JavaThread "Service Thread"             daemon [_thread_blocked, id=18032, stack(0x000000b96e500000,0x000000b96e600000) (1024K)]
  0x0000020ddbd70640 JavaThread "Monitor Deflation Thread"   daemon [_thread_blocked, id=18216, stack(0x000000b96e600000,0x000000b96e700000) (1024K)]
  0x0000020ddbd71630 JavaThread "C2 CompilerThread0"         daemon [_thread_in_native, id=18240, stack(0x000000b96e700000,0x000000b96e800000) (1024K)]
  0x0000020ddbd79840 JavaThread "C1 CompilerThread0"         daemon [_thread_blocked, id=18408, stack(0x000000b96e800000,0x000000b96e900000) (1024K)]
  0x0000020ddc5a7f40 JavaThread "Common-Cleaner"             daemon [_thread_blocked, id=18252, stack(0x000000b96e900000,0x000000b96ea00000) (1024K)]
  0x0000020ddc6bdf40 JavaThread "Notification Thread"        daemon [_thread_blocked, id=18348, stack(0x000000b96ea00000,0x000000b96eb00000) (1024K)]
  0x0000020dfc4f5ff0 JavaThread "Daemon health stats"               [_thread_blocked, id=17660, stack(0x000000b96ef00000,0x000000b96f000000) (1024K)]
  0x0000020ddc7bbee0 JavaThread "Incoming local TCP Connector on port 60047"        [_thread_in_native, id=16920, stack(0x000000b96f000000,0x000000b96f100000) (1024K)]
  0x0000020dfd2b87b0 JavaThread "Daemon periodic checks"            [_thread_blocked, id=4628, stack(0x000000b96f400000,0x000000b96f500000) (1024K)]
  0x0000020dfcc198e0 JavaThread "Daemon"                            [_thread_blocked, id=15788, stack(0x000000b96f500000,0x000000b96f600000) (1024K)]
  0x0000020ddc5d9650 JavaThread "Handler for socket connection from /127.0.0.1:60047 to /127.0.0.1:60048"        [_thread_in_native, id=4268, stack(0x000000b96f600000,0x000000b96f700000) (1024K)]
  0x0000020dfd4bd2e0 JavaThread "Cancel handler"                    [_thread_blocked, id=16424, stack(0x000000b96f800000,0x000000b96f900000) (1024K)]
  0x0000020dfd2b62e0 JavaThread "Daemon worker"                     [_thread_in_Java, id=5988, stack(0x000000b96f900000,0x000000b96fa00000) (1024K)]
  0x0000020dfd769aa0 JavaThread "Asynchronous log dispatcher for DefaultDaemonConnection: socket connection from /127.0.0.1:60047 to /127.0.0.1:60048"        [_thread_blocked, id=10908, stack(0x000000b96fa00000,0x000000b96fb00000) (1024K)]
  0x0000020dfd7686f0 JavaThread "Stdin handler"                     [_thread_blocked, id=16052, stack(0x000000b96fb00000,0x000000b96fc00000) (1024K)]
  0x0000020dfd7679d0 JavaThread "Daemon client event forwarder"        [_thread_in_native, id=4444, stack(0x000000b96fc00000,0x000000b96fd00000) (1024K)]
  0x0000020dfd76a130 JavaThread "Cache worker for journal cache (C:\Users\User\.gradle\caches\journal-1)"        [_thread_blocked, id=3972, stack(0x000000b96fd00000,0x000000b96fe00000) (1024K)]
  0x0000020dfd768d80 JavaThread "File lock request listener"        [_thread_in_native, id=1736, stack(0x000000b96fe00000,0x000000b96ff00000) (1024K)]
  0x0000020dfd766cb0 JavaThread "Cache worker for file hash cache (C:\Users\User\.gradle\caches\8.14\fileHashes)"        [_thread_blocked, id=8752, stack(0x000000b96ff00000,0x000000b970000000) (1024K)]
  0x0000020dfd767340 JavaThread "Cache worker for file hash cache (C:\Users\User\Desktop\app-educativa-medellin\flutter_code\android\.gradle\8.14\fileHashes)"        [_thread_blocked, id=4808, stack(0x000000b970200000,0x000000b970300000) (1024K)]
  0x0000020dfd768060 JavaThread "Cache worker for Build Output Cleanup Cache (C:\Users\User\Desktop\app-educativa-medellin\flutter_code\android\.gradle\buildOutputCleanup)"        [_thread_blocked, id=16700, stack(0x000000b970300000,0x000000b970400000) (1024K)]
  0x0000020dfed08c40 JavaThread "File watcher server"        daemon [_thread_in_native, id=10640, stack(0x000000b970400000,0x000000b970500000) (1024K)]
  0x0000020dfed07f20 JavaThread "File watcher consumer"      daemon [_thread_blocked, id=12604, stack(0x000000b970500000,0x000000b970600000) (1024K)]
  0x0000020dfed0a680 JavaThread "jar transforms"                    [_thread_blocked, id=17124, stack(0x000000b970600000,0x000000b970700000) (1024K)]
  0x0000020dfed0ad10 JavaThread "jar transforms Thread 2"           [_thread_blocked, id=13616, stack(0x000000b970700000,0x000000b970800000) (1024K)]
  0x0000020dfed09960 JavaThread "jar transforms Thread 3"           [_thread_blocked, id=3760, stack(0x000000b970800000,0x000000b970900000) (1024K)]
  0x0000020dfed085b0 JavaThread "jar transforms Thread 4"           [_thread_blocked, id=6364, stack(0x000000b96f700000,0x000000b96f800000) (1024K)]
  0x0000020dfed07890 JavaThread "jar transforms Thread 5"           [_thread_blocked, id=12836, stack(0x000000b970900000,0x000000b970a00000) (1024K)]
  0x0000020dfed0b3a0 JavaThread "Cache worker for checksums cache (C:\Users\User\Desktop\app-educativa-medellin\flutter_code\android\.gradle\8.14\checksums)"        [_thread_blocked, id=2832, stack(0x000000b970b00000,0x000000b970c00000) (1024K)]
  0x0000020dfed0ba30 JavaThread "Cache worker for file content cache (C:\Users\User\.gradle\caches\8.14\fileContent)"        [_thread_blocked, id=14616, stack(0x000000b970c00000,0x000000b970d00000) (1024K)]
  0x0000020dfed092d0 JavaThread "jar transforms Thread 6"           [_thread_blocked, id=17652, stack(0x000000b970d00000,0x000000b970e00000) (1024K)]
  0x0000020dfed0cde0 JavaThread "jar transforms Thread 7"           [_thread_blocked, id=17572, stack(0x000000b970e00000,0x000000b970f00000) (1024K)]
  0x0000020dfed0db00 JavaThread "jar transforms Thread 8"           [_thread_blocked, id=11536, stack(0x000000b970f00000,0x000000b971000000) (1024K)]
  0x0000020dfed0d470 JavaThread "Cache worker for cache directory md-supplier (C:\Users\User\.gradle\caches\8.14\md-supplier)"        [_thread_blocked, id=7732, stack(0x000000b970a00000,0x000000b970b00000) (1024K)]
  0x0000020dfed0e190 JavaThread "Cache worker for cache directory md-rule (C:\Users\User\.gradle\caches\8.14\md-rule)"        [_thread_blocked, id=17600, stack(0x000000b971000000,0x000000b971100000) (1024K)]
  0x0000020dfed0c750 JavaThread "Cache worker for Build Output Cleanup Cache (C:\Users\User\Desktop\flutter_windows_3.41.5-stable\flutter\packages\flutter_tools\gradle\.gradle\buildOutputCleanup)"        [_thread_blocked, id=17516, stack(0x000000b971100000,0x000000b971200000) (1024K)]
  0x0000020dfef6ffb0 JavaThread "Unconstrained build operations"        [_thread_blocked, id=17916, stack(0x000000b971200000,0x000000b971300000) (1024K)]
  0x0000020dfef73ac0 JavaThread "Unconstrained build operations Thread 2"        [_thread_blocked, id=13428, stack(0x000000b971300000,0x000000b971400000) (1024K)]
  0x0000020dfef71360 JavaThread "Unconstrained build operations Thread 3"        [_thread_blocked, id=17696, stack(0x000000b971400000,0x000000b971500000) (1024K)]
  0x0000020dfef70cd0 JavaThread "Unconstrained build operations Thread 4"        [_thread_blocked, id=17724, stack(0x000000b971500000,0x000000b971600000) (1024K)]
  0x0000020dfef70640 JavaThread "Unconstrained build operations Thread 5"        [_thread_blocked, id=17612, stack(0x000000b971600000,0x000000b971700000) (1024K)]
  0x0000020dfef74e70 JavaThread "Unconstrained build operations Thread 6"        [_thread_blocked, id=4144, stack(0x000000b971700000,0x000000b971800000) (1024K)]
  0x0000020dfef719f0 JavaThread "Unconstrained build operations Thread 7"        [_thread_blocked, id=17944, stack(0x000000b971800000,0x000000b971900000) (1024K)]
  0x0000020dfef74150 JavaThread "Unconstrained build operations Thread 8"        [_thread_blocked, id=17700, stack(0x000000b971900000,0x000000b971a00000) (1024K)]
  0x0000020dfef747e0 JavaThread "Unconstrained build operations Thread 9"        [_thread_blocked, id=15740, stack(0x000000b971a00000,0x000000b971b00000) (1024K)]
  0x0000020dfef72710 JavaThread "Unconstrained build operations Thread 10"        [_thread_blocked, id=13044, stack(0x000000b971b00000,0x000000b971c00000) (1024K)]
  0x0000020dfef75500 JavaThread "Unconstrained build operations Thread 11"        [_thread_blocked, id=17732, stack(0x000000b971c00000,0x000000b971d00000) (1024K)]
  0x0000020dfef72080 JavaThread "Unconstrained build operations Thread 12"        [_thread_blocked, id=11668, stack(0x000000b971d00000,0x000000b971e00000) (1024K)]
  0x0000020dfef768b0 JavaThread "Unconstrained build operations Thread 13"        [_thread_blocked, id=9852, stack(0x000000b971e00000,0x000000b971f00000) (1024K)]
  0x0000020dfef775d0 JavaThread "Unconstrained build operations Thread 14"        [_thread_blocked, id=8856, stack(0x000000b971f00000,0x000000b972000000) (1024K)]
  0x0000020dfef76f40 JavaThread "Unconstrained build operations Thread 15"        [_thread_blocked, id=11428, stack(0x000000b972000000,0x000000b972100000) (1024K)]
  0x0000020dfef76220 JavaThread "Unconstrained build operations Thread 16"        [_thread_blocked, id=3960, stack(0x000000b972100000,0x000000b972200000) (1024K)]
  0x0000020dfef75b90 JavaThread "Unconstrained build operations Thread 17"        [_thread_blocked, id=17728, stack(0x000000b972200000,0x000000b972300000) (1024K)]
  0x0000020dfe9693f0 JavaThread "Unconstrained build operations Thread 18"        [_thread_blocked, id=13828, stack(0x000000b972300000,0x000000b972400000) (1024K)]
  0x0000020dfe96ae30 JavaThread "Unconstrained build operations Thread 19"        [_thread_blocked, id=2852, stack(0x000000b972400000,0x000000b972500000) (1024K)]
  0x0000020dfe96b4c0 JavaThread "Unconstrained build operations Thread 20"        [_thread_blocked, id=17948, stack(0x000000b972500000,0x000000b972600000) (1024K)]
  0x0000020dfe96c1e0 JavaThread "Unconstrained build operations Thread 21"        [_thread_blocked, id=18024, stack(0x000000b972600000,0x000000b972700000) (1024K)]
  0x0000020dfe969a80 JavaThread "Memory manager"                    [_thread_blocked, id=7040, stack(0x000000b972800000,0x000000b972900000) (1024K)]
  0x0000020dfe96bb50 JavaThread "build event listener"              [_thread_blocked, id=15972, stack(0x000000b972700000,0x000000b972800000) (1024K)]
  0x0000020dfdf27e00 JavaThread "included builds"                   [_thread_blocked, id=16864, stack(0x000000b972900000,0x000000b972a00000) (1024K)]
  0x0000020dfdf28b20 JavaThread "Execution worker"                  [_thread_blocked, id=5720, stack(0x000000b972a00000,0x000000b972b00000) (1024K)]
  0x0000020dfdf256a0 JavaThread "Execution worker Thread 2"         [_thread_blocked, id=2392, stack(0x000000b972b00000,0x000000b972c00000) (1024K)]
  0x0000020dfdf291b0 JavaThread "Execution worker Thread 3"         [_thread_blocked, id=2456, stack(0x000000b972c00000,0x000000b972d00000) (1024K)]
  0x0000020dfdf25d30 JavaThread "Execution worker Thread 4"         [_thread_blocked, id=8480, stack(0x000000b972d00000,0x000000b972e00000) (1024K)]
  0x0000020dfdf26a50 JavaThread "Execution worker Thread 5"         [_thread_blocked, id=8468, stack(0x000000b972e00000,0x000000b972f00000) (1024K)]
  0x0000020dfdf29ed0 JavaThread "Execution worker Thread 6"         [_thread_blocked, id=13944, stack(0x000000b972f00000,0x000000b973000000) (1024K)]
  0x0000020dfdf2a560 JavaThread "Execution worker Thread 7"         [_thread_blocked, id=10040, stack(0x000000b973000000,0x000000b973100000) (1024K)]
  0x0000020dfdf29840 JavaThread "Cache worker for execution history cache (C:\Users\User\Desktop\flutter_windows_3.41.5-stable\flutter\packages\flutter_tools\gradle\.gradle\8.14\executionHistory)"        [_thread_blocked, id=13100, stack(0x000000b973100000,0x000000b973200000) (1024K)]
  0x0000020dfdf270e0 JavaThread "Unconstrained build operations Thread 22"        [_thread_blocked, id=1976, stack(0x000000b970000000,0x000000b970100000) (1024K)]
  0x0000020dfdf2b280 JavaThread "Unconstrained build operations Thread 23"        [_thread_blocked, id=15620, stack(0x000000b973200000,0x000000b973300000) (1024K)]
  0x0000020dfdf2abf0 JavaThread "Unconstrained build operations Thread 24"        [_thread_blocked, id=4552, stack(0x000000b973300000,0x000000b973400000) (1024K)]
  0x0000020dfdf2b910 JavaThread "Unconstrained build operations Thread 25"        [_thread_blocked, id=4196, stack(0x000000b973400000,0x000000b973500000) (1024K)]
  0x0000020dfdf2bfa0 JavaThread "Unconstrained build operations Thread 26"        [_thread_blocked, id=8864, stack(0x000000b973500000,0x000000b973600000) (1024K)]
  0x0000020dfdf2ccc0 JavaThread "Unconstrained build operations Thread 27"        [_thread_blocked, id=4708, stack(0x000000b973600000,0x000000b973700000) (1024K)]
  0x0000020dfdf2c630 JavaThread "Unconstrained build operations Thread 28"        [_thread_blocked, id=18020, stack(0x000000b973700000,0x000000b973800000) (1024K)]
  0x0000020dfde95e90 JavaThread "Unconstrained build operations Thread 29"        [_thread_blocked, id=16652, stack(0x000000b973900000,0x000000b973a00000) (1024K)]
  0x0000020dfde94ae0 JavaThread "Unconstrained build operations Thread 30"        [_thread_blocked, id=14004, stack(0x000000b973a00000,0x000000b973b00000) (1024K)]
  0x0000020dfde95170 JavaThread "Unconstrained build operations Thread 31"        [_thread_blocked, id=9684, stack(0x000000b973b00000,0x000000b973c00000) (1024K)]
  0x0000020dfde96520 JavaThread "Unconstrained build operations Thread 32"        [_thread_blocked, id=10084, stack(0x000000b973c00000,0x000000b973d00000) (1024K)]
  0x0000020dfde96bb0 JavaThread "Unconstrained build operations Thread 33"        [_thread_blocked, id=2668, stack(0x000000b973d00000,0x000000b973e00000) (1024K)]
  0x0000020dfde97240 JavaThread "Unconstrained build operations Thread 34"        [_thread_blocked, id=4748, stack(0x000000b973e00000,0x000000b973f00000) (1024K)]
  0x0000020dfde94450 JavaThread "Unconstrained build operations Thread 35"        [_thread_blocked, id=15100, stack(0x000000b973f00000,0x000000b974000000) (1024K)]
  0x0000020dfde97f60 JavaThread "Unconstrained build operations Thread 36"        [_thread_blocked, id=3096, stack(0x000000b974000000,0x000000b974100000) (1024K)]
  0x0000020dfde985f0 JavaThread "Unconstrained build operations Thread 37"        [_thread_blocked, id=5456, stack(0x000000b974100000,0x000000b974200000) (1024K)]
  0x0000020dfde978d0 JavaThread "Unconstrained build operations Thread 38"        [_thread_blocked, id=9596, stack(0x000000b974200000,0x000000b974300000) (1024K)]
  0x0000020dfde98c80 JavaThread "Unconstrained build operations Thread 39"        [_thread_blocked, id=17448, stack(0x000000b974300000,0x000000b974400000) (1024K)]
  0x0000020dfde95800 JavaThread "Unconstrained build operations Thread 40"        [_thread_blocked, id=18324, stack(0x000000b974400000,0x000000b974500000) (1024K)]
  0x0000020dfde99310 JavaThread "Unconstrained build operations Thread 41"        [_thread_blocked, id=6232, stack(0x000000b974500000,0x000000b974600000) (1024K)]
  0x0000020dfde9a030 JavaThread "Unconstrained build operations Thread 42"        [_thread_blocked, id=12200, stack(0x000000b974600000,0x000000b974700000) (1024K)]
  0x0000020dfde999a0 JavaThread "Unconstrained build operations Thread 43"        [_thread_blocked, id=6932, stack(0x000000b974700000,0x000000b974800000) (1024K)]
  0x0000020dfde9a6c0 JavaThread "Unconstrained build operations Thread 44"        [_thread_blocked, id=5888, stack(0x000000b974800000,0x000000b974900000) (1024K)]
  0x0000020dfde9ad50 JavaThread "Unconstrained build operations Thread 45"        [_thread_blocked, id=10416, stack(0x000000b974900000,0x000000b974a00000) (1024K)]
  0x0000020dfde9b3e0 JavaThread "Unconstrained build operations Thread 46"        [_thread_blocked, id=5956, stack(0x000000b974a00000,0x000000b974b00000) (1024K)]
  0x0000020dfde9ba70 JavaThread "Unconstrained build operations Thread 47"        [_thread_blocked, id=15120, stack(0x000000b974b00000,0x000000b974c00000) (1024K)]
  0x0000020d8112b6f0 JavaThread "Unconstrained build operations Thread 48"        [_thread_blocked, id=13000, stack(0x000000b974c00000,0x000000b974d00000) (1024K)]
  0x0000020d8112bd80 JavaThread "Unconstrained build operations Thread 49"        [_thread_blocked, id=5552, stack(0x000000b974d00000,0x000000b974e00000) (1024K)]
  0x0000020d8112caa0 JavaThread "Unconstrained build operations Thread 50"        [_thread_blocked, id=3864, stack(0x000000b974e00000,0x000000b974f00000) (1024K)]
  0x0000020d8112d7c0 JavaThread "Unconstrained build operations Thread 51"        [_thread_blocked, id=6196, stack(0x000000b974f00000,0x000000b975000000) (1024K)]
  0x0000020d8112d130 JavaThread "Unconstrained build operations Thread 52"        [_thread_blocked, id=4900, stack(0x000000b975000000,0x000000b975100000) (1024K)]
  0x0000020d8112de50 JavaThread "Unconstrained build operations Thread 53"        [_thread_blocked, id=16976, stack(0x000000b975100000,0x000000b975200000) (1024K)]
  0x0000020d8112c410 JavaThread "Unconstrained build operations Thread 54"        [_thread_blocked, id=8588, stack(0x000000b975200000,0x000000b975300000) (1024K)]
  0x0000020d8112e4e0 JavaThread "Unconstrained build operations Thread 55"        [_thread_blocked, id=16756, stack(0x000000b975300000,0x000000b975400000) (1024K)]
  0x0000020d8112b060 JavaThread "Unconstrained build operations Thread 56"        [_thread_blocked, id=2568, stack(0x000000b975400000,0x000000b975500000) (1024K)]
  0x0000020d81131960 JavaThread "Unconstrained build operations Thread 57"        [_thread_blocked, id=18264, stack(0x000000b975500000,0x000000b975600000) (1024K)]
  0x0000020d8112f200 JavaThread "Unconstrained build operations Thread 58"        [_thread_blocked, id=1784, stack(0x000000b975600000,0x000000b975700000) (1024K)]
  0x0000020d811305b0 JavaThread "Unconstrained build operations Thread 59"        [_thread_blocked, id=2848, stack(0x000000b975700000,0x000000b975800000) (1024K)]
  0x0000020d8112eb70 JavaThread "Unconstrained build operations Thread 60"        [_thread_blocked, id=10108, stack(0x000000b975800000,0x000000b975900000) (1024K)]
  0x0000020d81131ff0 JavaThread "Unconstrained build operations Thread 61"        [_thread_blocked, id=5632, stack(0x000000b975900000,0x000000b975a00000) (1024K)]
  0x0000020d8112ff20 JavaThread "Unconstrained build operations Thread 62"        [_thread_blocked, id=16916, stack(0x000000b975a00000,0x000000b975b00000) (1024K)]
  0x0000020d81130c40 JavaThread "Unconstrained build operations Thread 63"        [_thread_blocked, id=7636, stack(0x000000b975b00000,0x000000b975c00000) (1024K)]
  0x0000020d81132680 JavaThread "Unconstrained build operations Thread 64"        [_thread_blocked, id=8260, stack(0x000000b975c00000,0x000000b975d00000) (1024K)]
  0x0000020d8112f890 JavaThread "Unconstrained build operations Thread 65"        [_thread_blocked, id=14760, stack(0x000000b975d00000,0x000000b975e00000) (1024K)]
  0x0000020d820233e0 JavaThread "build event listener"              [_thread_blocked, id=5680, stack(0x000000b973800000,0x000000b973900000) (1024K)]
  0x0000020d82025b40 JavaThread "File lock release action executor"        [_thread_blocked, id=17364, stack(0x000000b975f00000,0x000000b976000000) (1024K)]
  0x0000020dfe2bcbb0 JavaThread "Unconstrained build operations Thread 66"        [_thread_blocked, id=14468, stack(0x000000b976000000,0x000000b976100000) (1024K)]
  0x0000020dfe2bd240 JavaThread "Unconstrained build operations Thread 67"        [_thread_blocked, id=2384, stack(0x000000b976100000,0x000000b976200000) (1024K)]
  0x0000020dfe2b9dc0 JavaThread "Unconstrained build operations Thread 68"        [_thread_blocked, id=2820, stack(0x000000b976200000,0x000000b976300000) (1024K)]
  0x0000020dfe2ba450 JavaThread "Unconstrained build operations Thread 69"        [_thread_blocked, id=11392, stack(0x000000b976300000,0x000000b976400000) (1024K)]
  0x0000020dfe2bd8d0 JavaThread "Unconstrained build operations Thread 70"        [_thread_blocked, id=7980, stack(0x000000b976400000,0x000000b976500000) (1024K)]
  0x0000020dfe2bdf60 JavaThread "Unconstrained build operations Thread 71"        [_thread_blocked, id=6716, stack(0x000000b976500000,0x000000b976600000) (1024K)]
  0x0000020dfe2baae0 JavaThread "Unconstrained build operations Thread 72"        [_thread_blocked, id=7572, stack(0x000000b976600000,0x000000b976700000) (1024K)]
  0x0000020dfe2c0030 JavaThread "Unconstrained build operations Thread 73"        [_thread_blocked, id=1648, stack(0x000000b976700000,0x000000b976800000) (1024K)]
  0x0000020dfe2c06c0 JavaThread "Unconstrained build operations Thread 74"        [_thread_blocked, id=18044, stack(0x000000b976800000,0x000000b976900000) (1024K)]
  0x0000020dfe2c0d50 JavaThread "Unconstrained build operations Thread 75"        [_thread_blocked, id=7484, stack(0x000000b976900000,0x000000b976a00000) (1024K)]
  0x0000020dfe2bf310 JavaThread "Unconstrained build operations Thread 76"        [_thread_blocked, id=15816, stack(0x000000b976a00000,0x000000b976b00000) (1024K)]
  0x0000020dfe2be5f0 JavaThread "Unconstrained build operations Thread 77"        [_thread_blocked, id=15728, stack(0x000000b976b00000,0x000000b976c00000) (1024K)]
  0x0000020dfe2bec80 JavaThread "Unconstrained build operations Thread 78"        [_thread_blocked, id=7360, stack(0x000000b976c00000,0x000000b976d00000) (1024K)]
  0x0000020dfe2bf9a0 JavaThread "Unconstrained build operations Thread 79"        [_thread_blocked, id=17424, stack(0x000000b976d00000,0x000000b976e00000) (1024K)]
  0x0000020d82584dd0 JavaThread "Unconstrained build operations Thread 80"        [_thread_blocked, id=5388, stack(0x000000b976e00000,0x000000b976f00000) (1024K)]
  0x0000020d82582d00 JavaThread "Problems report writer"            [_thread_blocked, id=13180, stack(0x000000b976f00000,0x000000b977000000) (1024K)]
=>0x0000020d817bdfc0 JavaThread "C2 CompilerThread1"         daemon [_thread_in_native, id=16592, stack(0x000000b975e00000,0x000000b975f00000) (1024K)]
Total: 136

Other Threads:
  0x0000020ddbd44270 VMThread "VM Thread"                           [id=18372, stack(0x000000b96e000000,0x000000b96e100000) (1024K)]
  0x0000020ddbd305d0 WatcherThread "VM Periodic Task Thread"        [id=6040, stack(0x000000b96df00000,0x000000b96e000000) (1024K)]
  0x0000020dc24c9600 WorkerThread "GC Thread#0"                     [id=18300, stack(0x000000b96da00000,0x000000b96db00000) (1024K)]
  0x0000020ddc7d9660 WorkerThread "GC Thread#1"                     [id=17668, stack(0x000000b96eb00000,0x000000b96ec00000) (1024K)]
  0x0000020ddc4f9690 WorkerThread "GC Thread#2"                     [id=18364, stack(0x000000b96ec00000,0x000000b96ed00000) (1024K)]
  0x0000020dfc85f670 WorkerThread "GC Thread#3"                     [id=3444, stack(0x000000b96ed00000,0x000000b96ee00000) (1024K)]
  0x0000020dfc86cb30 WorkerThread "GC Thread#4"                     [id=18204, stack(0x000000b96ee00000,0x000000b96ef00000) (1024K)]
  0x0000020dfc2ec6e0 WorkerThread "GC Thread#5"                     [id=4396, stack(0x000000b96f100000,0x000000b96f200000) (1024K)]
  0x0000020dfd61d420 WorkerThread "GC Thread#6"                     [id=16388, stack(0x000000b96f200000,0x000000b96f300000) (1024K)]
  0x0000020dfd4c9720 WorkerThread "GC Thread#7"                     [id=7916, stack(0x000000b96f300000,0x000000b96f400000) (1024K)]
  0x0000020dc24d64f0 ConcurrentGCThread "G1 Main Marker"            [id=18196, stack(0x000000b96db00000,0x000000b96dc00000) (1024K)]
  0x0000020dc24d7d90 WorkerThread "G1 Conc#0"                       [id=17492, stack(0x000000b96dc00000,0x000000b96dd00000) (1024K)]
  0x0000020dfd97d000 WorkerThread "G1 Conc#1"                       [id=7452, stack(0x000000b970100000,0x000000b970200000) (1024K)]
  0x0000020dc2515750 ConcurrentGCThread "G1 Refine#0"               [id=18244, stack(0x000000b96dd00000,0x000000b96de00000) (1024K)]
  0x0000020dc2517090 ConcurrentGCThread "G1 Service"                [id=18016, stack(0x000000b96de00000,0x000000b96df00000) (1024K)]
Total: 15

Threads with active compile tasks:
C2 CompilerThread0  115185 16436       4       org.gradle.internal.vfs.impl.DefaultFileSystemAccess::snapshotAndReuse (23 bytes)
C1 CompilerThread0  115185 16485       3       org.gradle.api.internal.provider.sources.SystemPropertyValueSource$Parameters_Decorated::getPropertyName (34 bytes)
C2 CompilerThread1  115185 16434       4       org.gradle.internal.vfs.impl.DefaultFileSystemAccess::snapshot (60 bytes)
Total: 3

VM state: not at safepoint (normal execution)

VM Mutex/Monitor currently owned by a thread: None

Heap address: 0x0000000700000000, size: 4096 MB, Compressed Oops mode: Zero based, Oop shift amount: 3

CDS archive(s) mapped at: [0x0000020ddd000000-0x0000020dddba0000-0x0000020dddba0000), size 12189696, SharedBaseAddress: 0x0000020ddd000000, ArchiveRelocationMode: 1.
Compressed class space mapped at: 0x0000020dde000000-0x0000020df8000000, reserved size: 436207616
Narrow klass base: 0x0000020ddd000000, Narrow klass shift: 0, Narrow klass range: 0x100000000

GC Precious Log:
 CardTable entry size: 512
 Card Set container configuration: InlinePtr #cards 4 size 8 Array Of Cards #cards 16 size 48 Howl #buckets 8 coarsen threshold 3686 Howl Bitmap #cards 512 size 80 coarsen threshold 460 Card regions per heap region 1 cards per card region 4096
 CPUs: 8 total, 8 available
 Memory: 7890M
 Large Page Support: Disabled
 NUMA Support: Disabled
 Compressed Oops: Enabled (Zero based)
 Heap Region Size: 2M
 Heap Min Capacity: 8M
 Heap Initial Capacity: 124M
 Heap Max Capacity: 4G
 Pre-touch: Disabled
 Parallel Workers: 8
 Concurrent Workers: 2
 Concurrent Refinement Workers: 8
 Periodic GC: Disabled

Heap:
 garbage-first heap   total 397312K, used 347885K [0x0000000700000000, 0x0000000800000000)
  region size 2048K, 82 young (167936K), 10 survivors (20480K)
 Metaspace       used 110598K, committed 113280K, reserved 557056K
  class space    used 15740K, committed 17024K, reserved 425984K

Heap Regions: E=young(eden), S=young(survivor), O=old, HS=humongous(starts), HC=humongous(continues), CS=collection set, F=free, TAMS=top-at-mark-start, PB=parsable bottom
|   0|0x0000000700000000, 0x0000000700200000, 0x0000000700200000|100%|HS|  |TAMS 0x0000000700000000| PB 0x0000000700000000| Complete 
|   1|0x0000000700200000, 0x0000000700400000, 0x0000000700400000|100%|HC|  |TAMS 0x0000000700200000| PB 0x0000000700200000| Complete 
|   2|0x0000000700400000, 0x0000000700600000, 0x0000000700600000|100%| O|  |TAMS 0x0000000700400000| PB 0x0000000700400000| Untracked 
|   3|0x0000000700600000, 0x0000000700800000, 0x0000000700800000|100%| O|  |TAMS 0x0000000700600000| PB 0x0000000700600000| Untracked 
|   4|0x0000000700800000, 0x0000000700a00000, 0x0000000700a00000|100%| O|  |TAMS 0x0000000700800000| PB 0x0000000700800000| Untracked 
|   5|0x0000000700a00000, 0x0000000700c00000, 0x0000000700c00000|100%| O|  |TAMS 0x0000000700a00000| PB 0x0000000700a00000| Untracked 
|   6|0x0000000700c00000, 0x0000000700e00000, 0x0000000700e00000|100%| O|  |TAMS 0x0000000700c00000| PB 0x0000000700c00000| Untracked 
|   7|0x0000000700e00000, 0x0000000701000000, 0x0000000701000000|100%| O|  |TAMS 0x0000000700e00000| PB 0x0000000700e00000| Untracked 
|   8|0x0000000701000000, 0x0000000701200000, 0x0000000701200000|100%| O|  |TAMS 0x0000000701000000| PB 0x0000000701000000| Untracked 
|   9|0x0000000701200000, 0x0000000701400000, 0x0000000701400000|100%| O|  |TAMS 0x0000000701200000| PB 0x0000000701200000| Untracked 
|  10|0x0000000701400000, 0x0000000701600000, 0x0000000701600000|100%| O|  |TAMS 0x0000000701400000| PB 0x0000000701400000| Untracked 
|  11|0x0000000701600000, 0x0000000701800000, 0x0000000701800000|100%| O|  |TAMS 0x0000000701600000| PB 0x0000000701600000| Untracked 
|  12|0x0000000701800000, 0x0000000701a00000, 0x0000000701a00000|100%| O|  |TAMS 0x0000000701800000| PB 0x0000000701800000| Untracked 
|  13|0x0000000701a00000, 0x0000000701c00000, 0x0000000701c00000|100%| O|  |TAMS 0x0000000701a00000| PB 0x0000000701a00000| Untracked 
|  14|0x0000000701c00000, 0x0000000701e00000, 0x0000000701e00000|100%| O|  |TAMS 0x0000000701c00000| PB 0x0000000701c00000| Untracked 
|  15|0x0000000701e00000, 0x0000000702000000, 0x0000000702000000|100%| O|  |TAMS 0x0000000701e00000| PB 0x0000000701e00000| Untracked 
|  16|0x0000000702000000, 0x0000000702200000, 0x0000000702200000|100%| O|  |TAMS 0x0000000702000000| PB 0x0000000702000000| Untracked 
|  17|0x0000000702200000, 0x0000000702400000, 0x0000000702400000|100%| O|  |TAMS 0x0000000702200000| PB 0x0000000702200000| Untracked 
|  18|0x0000000702400000, 0x0000000702600000, 0x0000000702600000|100%| O|  |TAMS 0x0000000702400000| PB 0x0000000702400000| Untracked 
|  19|0x0000000702600000, 0x0000000702800000, 0x0000000702800000|100%| O|  |TAMS 0x0000000702600000| PB 0x0000000702600000| Untracked 
|  20|0x0000000702800000, 0x0000000702a00000, 0x0000000702a00000|100%| O|  |TAMS 0x0000000702800000| PB 0x0000000702800000| Untracked 
|  21|0x0000000702a00000, 0x0000000702c00000, 0x0000000702c00000|100%| O|  |TAMS 0x0000000702a00000| PB 0x0000000702a00000| Untracked 
|  22|0x0000000702c00000, 0x0000000702e00000, 0x0000000702e00000|100%| O|  |TAMS 0x0000000702c00000| PB 0x0000000702c00000| Untracked 
|  23|0x0000000702e00000, 0x0000000703000000, 0x0000000703000000|100%|HS|  |TAMS 0x0000000702e00000| PB 0x0000000702e00000| Complete 
|  24|0x0000000703000000, 0x0000000703200000, 0x0000000703200000|100%| O|  |TAMS 0x0000000703000000| PB 0x0000000703000000| Untracked 
|  25|0x0000000703200000, 0x0000000703400000, 0x0000000703400000|100%| O|  |TAMS 0x0000000703200000| PB 0x0000000703200000| Untracked 
|  26|0x0000000703400000, 0x0000000703600000, 0x0000000703600000|100%| O|  |TAMS 0x0000000703400000| PB 0x0000000703400000| Untracked 
|  27|0x0000000703600000, 0x0000000703800000, 0x0000000703800000|100%|HS|  |TAMS 0x0000000703600000| PB 0x0000000703600000| Complete 
|  28|0x0000000703800000, 0x0000000703a00000, 0x0000000703a00000|100%|HS|  |TAMS 0x0000000703800000| PB 0x0000000703800000| Complete 
|  29|0x0000000703a00000, 0x0000000703c00000, 0x0000000703c00000|100%|HC|  |TAMS 0x0000000703a00000| PB 0x0000000703a00000| Complete 
|  30|0x0000000703c00000, 0x0000000703e00000, 0x0000000703e00000|100%|HS|  |TAMS 0x0000000703c00000| PB 0x0000000703c00000| Complete 
|  31|0x0000000703e00000, 0x0000000704000000, 0x0000000704000000|100%|HC|  |TAMS 0x0000000703e00000| PB 0x0000000703e00000| Complete 
|  32|0x0000000704000000, 0x0000000704200000, 0x0000000704200000|100%| O|  |TAMS 0x0000000704000000| PB 0x0000000704000000| Untracked 
|  33|0x0000000704200000, 0x0000000704400000, 0x0000000704400000|100%| O|  |TAMS 0x0000000704200000| PB 0x0000000704200000| Untracked 
|  34|0x0000000704400000, 0x0000000704600000, 0x0000000704600000|100%| O|  |TAMS 0x0000000704400000| PB 0x0000000704400000| Untracked 
|  35|0x0000000704600000, 0x0000000704800000, 0x0000000704800000|100%| O|  |TAMS 0x0000000704600000| PB 0x0000000704600000| Untracked 
|  36|0x0000000704800000, 0x0000000704a00000, 0x0000000704a00000|100%| O|  |TAMS 0x0000000704800000| PB 0x0000000704800000| Untracked 
|  37|0x0000000704a00000, 0x0000000704c00000, 0x0000000704c00000|100%| O|  |TAMS 0x0000000704a00000| PB 0x0000000704a00000| Untracked 
|  38|0x0000000704c00000, 0x0000000704e00000, 0x0000000704e00000|100%| O|  |TAMS 0x0000000704c00000| PB 0x0000000704c00000| Untracked 
|  39|0x0000000704e00000, 0x0000000705000000, 0x0000000705000000|100%| O|  |TAMS 0x0000000704e00000| PB 0x0000000704e00000| Untracked 
|  40|0x0000000705000000, 0x0000000705200000, 0x0000000705200000|100%| O|  |TAMS 0x0000000705000000| PB 0x0000000705000000| Untracked 
|  41|0x0000000705200000, 0x0000000705400000, 0x0000000705400000|100%| O|  |TAMS 0x0000000705200000| PB 0x0000000705200000| Untracked 
|  42|0x0000000705400000, 0x0000000705600000, 0x0000000705600000|100%| O|  |TAMS 0x0000000705400000| PB 0x0000000705400000| Untracked 
|  43|0x0000000705600000, 0x0000000705800000, 0x0000000705800000|100%|HS|  |TAMS 0x0000000705600000| PB 0x0000000705600000| Complete 
|  44|0x0000000705800000, 0x0000000705a00000, 0x0000000705a00000|100%|HS|  |TAMS 0x0000000705800000| PB 0x0000000705800000| Complete 
|  45|0x0000000705a00000, 0x0000000705c00000, 0x0000000705c00000|100%| O|  |TAMS 0x0000000705a00000| PB 0x0000000705a00000| Untracked 
|  46|0x0000000705c00000, 0x0000000705e00000, 0x0000000705e00000|100%|HS|  |TAMS 0x0000000705c00000| PB 0x0000000705c00000| Complete 
|  47|0x0000000705e00000, 0x0000000706000000, 0x0000000706000000|100%| S|CS|TAMS 0x0000000705e00000| PB 0x0000000705e00000| Complete 
|  48|0x0000000706000000, 0x0000000706200000, 0x0000000706200000|100%| O|  |TAMS 0x0000000706000000| PB 0x0000000706000000| Untracked 
|  49|0x0000000706200000, 0x0000000706400000, 0x0000000706400000|100%| O|  |TAMS 0x0000000706200000| PB 0x0000000706200000| Untracked 
|  50|0x0000000706400000, 0x0000000706600000, 0x0000000706600000|100%| O|  |TAMS 0x0000000706400000| PB 0x0000000706400000| Untracked 
|  51|0x0000000706600000, 0x0000000706800000, 0x0000000706800000|100%| O|  |TAMS 0x0000000706600000| PB 0x0000000706600000| Untracked 
|  52|0x0000000706800000, 0x0000000706a00000, 0x0000000706a00000|100%| O|  |TAMS 0x0000000706800000| PB 0x0000000706800000| Untracked 
|  53|0x0000000706a00000, 0x0000000706c00000, 0x0000000706c00000|100%| O|  |TAMS 0x0000000706a00000| PB 0x0000000706a00000| Untracked 
|  54|0x0000000706c00000, 0x0000000706e00000, 0x0000000706e00000|100%| O|  |TAMS 0x0000000706c00000| PB 0x0000000706c00000| Untracked 
|  55|0x0000000706e00000, 0x0000000707000000, 0x0000000707000000|100%| O|  |TAMS 0x0000000706e00000| PB 0x0000000706e00000| Untracked 
|  56|0x0000000707000000, 0x0000000707200000, 0x0000000707200000|100%| O|  |TAMS 0x0000000707000000| PB 0x0000000707000000| Untracked 
|  57|0x0000000707200000, 0x0000000707400000, 0x0000000707400000|100%| O|  |TAMS 0x0000000707200000| PB 0x0000000707200000| Untracked 
|  58|0x0000000707400000, 0x0000000707600000, 0x0000000707600000|100%| O|  |TAMS 0x0000000707400000| PB 0x0000000707400000| Untracked 
|  59|0x0000000707600000, 0x0000000707600000, 0x0000000707800000|  0%| F|  |TAMS 0x0000000707600000| PB 0x0000000707600000| Untracked 
|  60|0x0000000707800000, 0x0000000707a00000, 0x0000000707a00000|100%| O|  |TAMS 0x0000000707800000| PB 0x0000000707800000| Untracked 
|  61|0x0000000707a00000, 0x0000000707c00000, 0x0000000707c00000|100%| O|  |TAMS 0x0000000707a00000| PB 0x0000000707a00000| Untracked 
|  62|0x0000000707c00000, 0x0000000707e00000, 0x0000000707e00000|100%| O|  |TAMS 0x0000000707c00000| PB 0x0000000707c00000| Untracked 
|  63|0x0000000707e00000, 0x0000000708000000, 0x0000000708000000|100%| O|  |TAMS 0x0000000707e00000| PB 0x0000000707e00000| Untracked 
|  64|0x0000000708000000, 0x0000000708200000, 0x0000000708200000|100%| O|  |TAMS 0x0000000708000000| PB 0x0000000708000000| Untracked 
|  65|0x0000000708200000, 0x0000000708400000, 0x0000000708400000|100%| O|  |TAMS 0x0000000708200000| PB 0x0000000708200000| Untracked 
|  66|0x0000000708400000, 0x0000000708600000, 0x0000000708600000|100%| O|  |TAMS 0x0000000708400000| PB 0x0000000708400000| Untracked 
|  67|0x0000000708600000, 0x0000000708600000, 0x0000000708800000|  0%| F|  |TAMS 0x0000000708600000| PB 0x0000000708600000| Untracked 
|  68|0x0000000708800000, 0x0000000708a00000, 0x0000000708a00000|100%| O|  |TAMS 0x0000000708800000| PB 0x0000000708800000| Untracked 
|  69|0x0000000708a00000, 0x0000000708c00000, 0x0000000708c00000|100%| O|  |TAMS 0x0000000708a00000| PB 0x0000000708a00000| Untracked 
|  70|0x0000000708c00000, 0x0000000708e00000, 0x0000000708e00000|100%| O|  |TAMS 0x0000000708c00000| PB 0x0000000708c00000| Untracked 
|  71|0x0000000708e00000, 0x0000000709000000, 0x0000000709000000|100%| O|  |TAMS 0x0000000708e00000| PB 0x0000000708e00000| Untracked 
|  72|0x0000000709000000, 0x0000000709200000, 0x0000000709200000|100%| O|  |TAMS 0x0000000709000000| PB 0x0000000709000000| Untracked 
|  73|0x0000000709200000, 0x0000000709400000, 0x0000000709400000|100%| O|  |TAMS 0x0000000709200000| PB 0x0000000709200000| Untracked 
|  74|0x0000000709400000, 0x0000000709600000, 0x0000000709600000|100%| O|  |TAMS 0x0000000709400000| PB 0x0000000709400000| Untracked 
|  75|0x0000000709600000, 0x0000000709800000, 0x0000000709800000|100%| O|  |TAMS 0x0000000709600000| PB 0x0000000709600000| Untracked 
|  76|0x0000000709800000, 0x0000000709a00000, 0x0000000709a00000|100%| O|  |TAMS 0x0000000709800000| PB 0x0000000709800000| Untracked 
|  77|0x0000000709a00000, 0x0000000709c00000, 0x0000000709c00000|100%| O|  |TAMS 0x0000000709a00000| PB 0x0000000709a00000| Untracked 
|  78|0x0000000709c00000, 0x0000000709e00000, 0x0000000709e00000|100%| O|  |TAMS 0x0000000709c00000| PB 0x0000000709c00000| Untracked 
|  79|0x0000000709e00000, 0x000000070a000000, 0x000000070a000000|100%| O|  |TAMS 0x0000000709e00000| PB 0x0000000709e00000| Untracked 
|  80|0x000000070a000000, 0x000000070a000000, 0x000000070a200000|  0%| F|  |TAMS 0x000000070a000000| PB 0x000000070a000000| Untracked 
|  81|0x000000070a200000, 0x000000070a400000, 0x000000070a400000|100%| O|  |TAMS 0x000000070a200000| PB 0x000000070a200000| Untracked 
|  82|0x000000070a400000, 0x000000070a600000, 0x000000070a600000|100%| O|  |TAMS 0x000000070a400000| PB 0x000000070a400000| Untracked 
|  83|0x000000070a600000, 0x000000070a800000, 0x000000070a800000|100%| O|  |TAMS 0x000000070a600000| PB 0x000000070a600000| Untracked 
|  84|0x000000070a800000, 0x000000070aa00000, 0x000000070aa00000|100%| O|  |TAMS 0x000000070a800000| PB 0x000000070a800000| Untracked 
|  85|0x000000070aa00000, 0x000000070aa00000, 0x000000070ac00000|  0%| F|  |TAMS 0x000000070aa00000| PB 0x000000070aa00000| Untracked 
|  86|0x000000070ac00000, 0x000000070ac00000, 0x000000070ae00000|  0%| F|  |TAMS 0x000000070ac00000| PB 0x000000070ac00000| Untracked 
|  87|0x000000070ae00000, 0x000000070ae00000, 0x000000070b000000|  0%| F|  |TAMS 0x000000070ae00000| PB 0x000000070ae00000| Untracked 
|  88|0x000000070b000000, 0x000000070b200000, 0x000000070b200000|100%| O|  |TAMS 0x000000070b000000| PB 0x000000070b000000| Untracked 
|  89|0x000000070b200000, 0x000000070b400000, 0x000000070b400000|100%| O|  |TAMS 0x000000070b200000| PB 0x000000070b200000| Untracked 
|  90|0x000000070b400000, 0x000000070b600000, 0x000000070b600000|100%| O|  |TAMS 0x000000070b400000| PB 0x000000070b400000| Untracked 
|  91|0x000000070b600000, 0x000000070b800000, 0x000000070b800000|100%| O|  |TAMS 0x000000070b600000| PB 0x000000070b600000| Untracked 
|  92|0x000000070b800000, 0x000000070ba00000, 0x000000070ba00000|100%| O|  |TAMS 0x000000070b800000| PB 0x000000070b800000| Untracked 
|  93|0x000000070ba00000, 0x000000070bc00000, 0x000000070bc00000|100%| O|  |TAMS 0x000000070ba00000| PB 0x000000070ba00000| Untracked 
|  94|0x000000070bc00000, 0x000000070bc00000, 0x000000070be00000|  0%| F|  |TAMS 0x000000070bc00000| PB 0x000000070bc00000| Untracked 
|  95|0x000000070be00000, 0x000000070be00000, 0x000000070c000000|  0%| F|  |TAMS 0x000000070be00000| PB 0x000000070be00000| Untracked 
|  96|0x000000070c000000, 0x000000070c000000, 0x000000070c200000|  0%| F|  |TAMS 0x000000070c000000| PB 0x000000070c000000| Untracked 
|  97|0x000000070c200000, 0x000000070c200000, 0x000000070c400000|  0%| F|  |TAMS 0x000000070c200000| PB 0x000000070c200000| Untracked 
|  98|0x000000070c400000, 0x000000070c400000, 0x000000070c600000|  0%| F|  |TAMS 0x000000070c400000| PB 0x000000070c400000| Untracked 
|  99|0x000000070c600000, 0x000000070c600000, 0x000000070c800000|  0%| F|  |TAMS 0x000000070c600000| PB 0x000000070c600000| Untracked 
| 100|0x000000070c800000, 0x000000070c800000, 0x000000070ca00000|  0%| F|  |TAMS 0x000000070c800000| PB 0x000000070c800000| Untracked 
| 101|0x000000070ca00000, 0x000000070ca00000, 0x000000070cc00000|  0%| F|  |TAMS 0x000000070ca00000| PB 0x000000070ca00000| Untracked 
| 102|0x000000070cc00000, 0x000000070cc00000, 0x000000070ce00000|  0%| F|  |TAMS 0x000000070cc00000| PB 0x000000070cc00000| Untracked 
| 103|0x000000070ce00000, 0x000000070ce00000, 0x000000070d000000|  0%| F|  |TAMS 0x000000070ce00000| PB 0x000000070ce00000| Untracked 
| 104|0x000000070d000000, 0x000000070d000000, 0x000000070d200000|  0%| F|  |TAMS 0x000000070d000000| PB 0x000000070d000000| Untracked 
| 105|0x000000070d200000, 0x000000070d200000, 0x000000070d400000|  0%| F|  |TAMS 0x000000070d200000| PB 0x000000070d200000| Untracked 
| 106|0x000000070d400000, 0x000000070d400000, 0x000000070d600000|  0%| F|  |TAMS 0x000000070d400000| PB 0x000000070d400000| Untracked 
| 107|0x000000070d600000, 0x000000070d600000, 0x000000070d800000|  0%| F|  |TAMS 0x000000070d600000| PB 0x000000070d600000| Untracked 
| 108|0x000000070d800000, 0x000000070d803530, 0x000000070da00000|  0%| E|  |TAMS 0x000000070d800000| PB 0x000000070d800000| Complete 
| 109|0x000000070da00000, 0x000000070dc00000, 0x000000070dc00000|100%| E|CS|TAMS 0x000000070da00000| PB 0x000000070da00000| Complete 
| 110|0x000000070dc00000, 0x000000070de00000, 0x000000070de00000|100%| E|CS|TAMS 0x000000070dc00000| PB 0x000000070dc00000| Complete 
| 111|0x000000070de00000, 0x000000070e000000, 0x000000070e000000|100%| E|CS|TAMS 0x000000070de00000| PB 0x000000070de00000| Complete 
| 112|0x000000070e000000, 0x000000070e200000, 0x000000070e200000|100%| E|CS|TAMS 0x000000070e000000| PB 0x000000070e000000| Complete 
| 113|0x000000070e200000, 0x000000070e400000, 0x000000070e400000|100%| E|CS|TAMS 0x000000070e200000| PB 0x000000070e200000| Complete 
| 114|0x000000070e400000, 0x000000070e600000, 0x000000070e600000|100%| E|CS|TAMS 0x000000070e400000| PB 0x000000070e400000| Complete 
| 115|0x000000070e600000, 0x000000070e800000, 0x000000070e800000|100%| E|CS|TAMS 0x000000070e600000| PB 0x000000070e600000| Complete 
| 116|0x000000070e800000, 0x000000070ea00000, 0x000000070ea00000|100%| E|CS|TAMS 0x000000070e800000| PB 0x000000070e800000| Complete 
| 117|0x000000070ea00000, 0x000000070ec00000, 0x000000070ec00000|100%| E|CS|TAMS 0x000000070ea00000| PB 0x000000070ea00000| Complete 
| 118|0x000000070ec00000, 0x000000070ee00000, 0x000000070ee00000|100%| E|CS|TAMS 0x000000070ec00000| PB 0x000000070ec00000| Complete 
| 119|0x000000070ee00000, 0x000000070f000000, 0x000000070f000000|100%| E|CS|TAMS 0x000000070ee00000| PB 0x000000070ee00000| Complete 
| 120|0x000000070f000000, 0x000000070f200000, 0x000000070f200000|100%| E|CS|TAMS 0x000000070f000000| PB 0x000000070f000000| Complete 
| 121|0x000000070f200000, 0x000000070f400000, 0x000000070f400000|100%| E|CS|TAMS 0x000000070f200000| PB 0x000000070f200000| Complete 
| 122|0x000000070f400000, 0x000000070f600000, 0x000000070f600000|100%| E|CS|TAMS 0x000000070f400000| PB 0x000000070f400000| Complete 
| 123|0x000000070f600000, 0x000000070f800000, 0x000000070f800000|100%| E|CS|TAMS 0x000000070f600000| PB 0x000000070f600000| Complete 
| 124|0x000000070f800000, 0x000000070fa00000, 0x000000070fa00000|100%| E|CS|TAMS 0x000000070f800000| PB 0x000000070f800000| Complete 
| 125|0x000000070fa00000, 0x000000070fc00000, 0x000000070fc00000|100%| E|CS|TAMS 0x000000070fa00000| PB 0x000000070fa00000| Complete 
| 126|0x000000070fc00000, 0x000000070fe00000, 0x000000070fe00000|100%| E|  |TAMS 0x000000070fc00000| PB 0x000000070fc00000| Complete 
| 127|0x000000070fe00000, 0x0000000710000000, 0x0000000710000000|100%| E|CS|TAMS 0x000000070fe00000| PB 0x000000070fe00000| Complete 
| 128|0x0000000710000000, 0x0000000710200000, 0x0000000710200000|100%| E|CS|TAMS 0x0000000710000000| PB 0x0000000710000000| Complete 
| 129|0x0000000710200000, 0x0000000710400000, 0x0000000710400000|100%| E|CS|TAMS 0x0000000710200000| PB 0x0000000710200000| Complete 
| 130|0x0000000710400000, 0x0000000710600000, 0x0000000710600000|100%| E|CS|TAMS 0x0000000710400000| PB 0x0000000710400000| Complete 
| 131|0x0000000710600000, 0x0000000710800000, 0x0000000710800000|100%| E|CS|TAMS 0x0000000710600000| PB 0x0000000710600000| Complete 
| 132|0x0000000710800000, 0x0000000710a00000, 0x0000000710a00000|100%| E|CS|TAMS 0x0000000710800000| PB 0x0000000710800000| Complete 
| 133|0x0000000710a00000, 0x0000000710c00000, 0x0000000710c00000|100%| E|CS|TAMS 0x0000000710a00000| PB 0x0000000710a00000| Complete 
| 134|0x0000000710c00000, 0x0000000710e00000, 0x0000000710e00000|100%| E|CS|TAMS 0x0000000710c00000| PB 0x0000000710c00000| Complete 
| 135|0x0000000710e00000, 0x0000000711000000, 0x0000000711000000|100%| E|CS|TAMS 0x0000000710e00000| PB 0x0000000710e00000| Complete 
| 136|0x0000000711000000, 0x0000000711200000, 0x0000000711200000|100%| E|CS|TAMS 0x0000000711000000| PB 0x0000000711000000| Complete 
| 137|0x0000000711200000, 0x0000000711400000, 0x0000000711400000|100%| E|CS|TAMS 0x0000000711200000| PB 0x0000000711200000| Complete 
| 138|0x0000000711400000, 0x0000000711600000, 0x0000000711600000|100%| E|CS|TAMS 0x0000000711400000| PB 0x0000000711400000| Complete 
| 139|0x0000000711600000, 0x0000000711800000, 0x0000000711800000|100%| E|CS|TAMS 0x0000000711600000| PB 0x0000000711600000| Complete 
| 140|0x0000000711800000, 0x0000000711a00000, 0x0000000711a00000|100%| E|CS|TAMS 0x0000000711800000| PB 0x0000000711800000| Complete 
| 141|0x0000000711a00000, 0x0000000711c00000, 0x0000000711c00000|100%| E|CS|TAMS 0x0000000711a00000| PB 0x0000000711a00000| Complete 
| 142|0x0000000711c00000, 0x0000000711e00000, 0x0000000711e00000|100%| E|CS|TAMS 0x0000000711c00000| PB 0x0000000711c00000| Complete 
| 143|0x0000000711e00000, 0x0000000712000000, 0x0000000712000000|100%| E|CS|TAMS 0x0000000711e00000| PB 0x0000000711e00000| Complete 
| 144|0x0000000712000000, 0x0000000712200000, 0x0000000712200000|100%| E|CS|TAMS 0x0000000712000000| PB 0x0000000712000000| Complete 
| 145|0x0000000712200000, 0x0000000712400000, 0x0000000712400000|100%| E|CS|TAMS 0x0000000712200000| PB 0x0000000712200000| Complete 
| 146|0x0000000712400000, 0x0000000712600000, 0x0000000712600000|100%| E|CS|TAMS 0x0000000712400000| PB 0x0000000712400000| Complete 
| 147|0x0000000712600000, 0x0000000712800000, 0x0000000712800000|100%| E|CS|TAMS 0x0000000712600000| PB 0x0000000712600000| Complete 
| 148|0x0000000712800000, 0x0000000712a00000, 0x0000000712a00000|100%| E|CS|TAMS 0x0000000712800000| PB 0x0000000712800000| Complete 
| 149|0x0000000712a00000, 0x0000000712c00000, 0x0000000712c00000|100%| E|CS|TAMS 0x0000000712a00000| PB 0x0000000712a00000| Complete 
| 150|0x0000000712c00000, 0x0000000712e00000, 0x0000000712e00000|100%| E|CS|TAMS 0x0000000712c00000| PB 0x0000000712c00000| Complete 
| 151|0x0000000712e00000, 0x0000000713000000, 0x0000000713000000|100%| E|CS|TAMS 0x0000000712e00000| PB 0x0000000712e00000| Complete 
| 152|0x0000000713000000, 0x0000000713200000, 0x0000000713200000|100%| E|CS|TAMS 0x0000000713000000| PB 0x0000000713000000| Complete 
| 153|0x0000000713200000, 0x0000000713400000, 0x0000000713400000|100%| E|CS|TAMS 0x0000000713200000| PB 0x0000000713200000| Complete 
| 154|0x0000000713400000, 0x0000000713600000, 0x0000000713600000|100%| E|CS|TAMS 0x0000000713400000| PB 0x0000000713400000| Complete 
| 155|0x0000000713600000, 0x0000000713800000, 0x0000000713800000|100%| E|CS|TAMS 0x0000000713600000| PB 0x0000000713600000| Complete 
| 156|0x0000000713800000, 0x0000000713a00000, 0x0000000713a00000|100%| E|CS|TAMS 0x0000000713800000| PB 0x0000000713800000| Complete 
| 157|0x0000000713a00000, 0x0000000713c00000, 0x0000000713c00000|100%| E|CS|TAMS 0x0000000713a00000| PB 0x0000000713a00000| Complete 
| 158|0x0000000713c00000, 0x0000000713e00000, 0x0000000713e00000|100%| E|CS|TAMS 0x0000000713c00000| PB 0x0000000713c00000| Complete 
| 159|0x0000000713e00000, 0x0000000714000000, 0x0000000714000000|100%| E|CS|TAMS 0x0000000713e00000| PB 0x0000000713e00000| Complete 
| 160|0x0000000714000000, 0x0000000714200000, 0x0000000714200000|100%| E|CS|TAMS 0x0000000714000000| PB 0x0000000714000000| Complete 
| 161|0x0000000714200000, 0x0000000714400000, 0x0000000714400000|100%| E|CS|TAMS 0x0000000714200000| PB 0x0000000714200000| Complete 
| 162|0x0000000714400000, 0x0000000714600000, 0x0000000714600000|100%| E|CS|TAMS 0x0000000714400000| PB 0x0000000714400000| Complete 
| 163|0x0000000714600000, 0x0000000714800000, 0x0000000714800000|100%| E|CS|TAMS 0x0000000714600000| PB 0x0000000714600000| Complete 
| 164|0x0000000714800000, 0x0000000714a00000, 0x0000000714a00000|100%| E|CS|TAMS 0x0000000714800000| PB 0x0000000714800000| Complete 
| 165|0x0000000714a00000, 0x0000000714c00000, 0x0000000714c00000|100%| E|CS|TAMS 0x0000000714a00000| PB 0x0000000714a00000| Complete 
| 166|0x0000000714c00000, 0x0000000714e00000, 0x0000000714e00000|100%| E|CS|TAMS 0x0000000714c00000| PB 0x0000000714c00000| Complete 
| 167|0x0000000714e00000, 0x0000000715000000, 0x0000000715000000|100%| E|CS|TAMS 0x0000000714e00000| PB 0x0000000714e00000| Complete 
| 168|0x0000000715000000, 0x0000000715200000, 0x0000000715200000|100%| E|CS|TAMS 0x0000000715000000| PB 0x0000000715000000| Complete 
| 169|0x0000000715200000, 0x0000000715400000, 0x0000000715400000|100%| E|CS|TAMS 0x0000000715200000| PB 0x0000000715200000| Complete 
| 170|0x0000000715400000, 0x0000000715600000, 0x0000000715600000|100%| E|CS|TAMS 0x0000000715400000| PB 0x0000000715400000| Complete 
| 171|0x0000000715600000, 0x0000000715800000, 0x0000000715800000|100%| E|CS|TAMS 0x0000000715600000| PB 0x0000000715600000| Complete 
| 172|0x0000000715800000, 0x0000000715a00000, 0x0000000715a00000|100%| E|CS|TAMS 0x0000000715800000| PB 0x0000000715800000| Complete 
| 173|0x0000000715a00000, 0x0000000715c00000, 0x0000000715c00000|100%| E|CS|TAMS 0x0000000715a00000| PB 0x0000000715a00000| Complete 
| 174|0x0000000715c00000, 0x0000000715e00000, 0x0000000715e00000|100%| E|CS|TAMS 0x0000000715c00000| PB 0x0000000715c00000| Complete 
| 175|0x0000000715e00000, 0x0000000716000000, 0x0000000716000000|100%| E|CS|TAMS 0x0000000715e00000| PB 0x0000000715e00000| Complete 
| 176|0x0000000716000000, 0x0000000716200000, 0x0000000716200000|100%| E|CS|TAMS 0x0000000716000000| PB 0x0000000716000000| Complete 
| 177|0x0000000716200000, 0x0000000716400000, 0x0000000716400000|100%| S|CS|TAMS 0x0000000716200000| PB 0x0000000716200000| Complete 
| 178|0x0000000716400000, 0x0000000716600000, 0x0000000716600000|100%| S|CS|TAMS 0x0000000716400000| PB 0x0000000716400000| Complete 
| 179|0x0000000716600000, 0x0000000716800000, 0x0000000716800000|100%| S|CS|TAMS 0x0000000716600000| PB 0x0000000716600000| Complete 
| 180|0x0000000716800000, 0x0000000716a00000, 0x0000000716a00000|100%| S|CS|TAMS 0x0000000716800000| PB 0x0000000716800000| Complete 
| 181|0x0000000716a00000, 0x0000000716c00000, 0x0000000716c00000|100%| S|CS|TAMS 0x0000000716a00000| PB 0x0000000716a00000| Complete 
| 182|0x0000000716c00000, 0x0000000716e00000, 0x0000000716e00000|100%| S|CS|TAMS 0x0000000716c00000| PB 0x0000000716c00000| Complete 
| 183|0x0000000716e00000, 0x0000000717000000, 0x0000000717000000|100%| S|CS|TAMS 0x0000000716e00000| PB 0x0000000716e00000| Complete 
| 184|0x0000000717000000, 0x0000000717200000, 0x0000000717200000|100%| S|CS|TAMS 0x0000000717000000| PB 0x0000000717000000| Complete 
| 185|0x0000000717200000, 0x0000000717281b50, 0x0000000717400000| 25%| S|CS|TAMS 0x0000000717200000| PB 0x0000000717200000| Complete 
|2040|0x00000007ff000000, 0x00000007ff139b10, 0x00000007ff200000| 61%| O|  |TAMS 0x00000007ff000000| PB 0x00000007ff000000| Untracked 
|2041|0x00000007ff200000, 0x00000007ff400000, 0x00000007ff400000|100%| O|  |TAMS 0x00000007ff200000| PB 0x00000007ff200000| Untracked 
|2042|0x00000007ff400000, 0x00000007ff600000, 0x00000007ff600000|100%| O|  |TAMS 0x00000007ff400000| PB 0x00000007ff400000| Untracked 
|2043|0x00000007ff600000, 0x00000007ff800000, 0x00000007ff800000|100%| O|  |TAMS 0x00000007ff600000| PB 0x00000007ff600000| Untracked 
|2044|0x00000007ff800000, 0x00000007ffa00000, 0x00000007ffa00000|100%| E|CS|TAMS 0x00000007ff800000| PB 0x00000007ff800000| Complete 
|2045|0x00000007ffa00000, 0x00000007ffc00000, 0x00000007ffc00000|100%| E|CS|TAMS 0x00000007ffa00000| PB 0x00000007ffa00000| Complete 
|2046|0x00000007ffc00000, 0x00000007ffe00000, 0x00000007ffe00000|100%| E|CS|TAMS 0x00000007ffc00000| PB 0x00000007ffc00000| Complete 
|2047|0x00000007ffe00000, 0x0000000800000000, 0x0000000800000000|100%| E|CS|TAMS 0x00000007ffe00000| PB 0x00000007ffe00000| Complete 

Card table byte_map: [0x0000020dd5190000,0x0000020dd5990000] _byte_map_base: 0x0000020dd1990000

Marking Bits: (CMBitMap*) 0x0000020dc24c9c20
 Bits: [0x0000020dd5990000, 0x0000020dd9990000)

Polling page: 0x0000020dc00b0000

Metaspace:

Usage:
  Non-class:     92.64 MB used.
      Class:     15.37 MB used.
       Both:    108.01 MB used.

Virtual space:
  Non-class space:      128.00 MB reserved,      94.00 MB ( 73%) committed,  2 nodes.
      Class space:      416.00 MB reserved,      16.62 MB (  4%) committed,  1 nodes.
             Both:      544.00 MB reserved,     110.62 MB ( 20%) committed. 

Chunk freelists:
   Non-Class:  2.06 MB
       Class:  15.28 MB
        Both:  17.34 MB

MaxMetaspaceSize: 512.00 MB
CompressedClassSpaceSize: 416.00 MB
Initial GC threshold: 21.00 MB
Current GC threshold: 182.44 MB
CDS: on
 - commit_granule_bytes: 65536.
 - commit_granule_words: 8192.
 - virtual_space_node_default_size: 8388608.
 - enlarge_chunks_in_place: 1.
 - use_allocation_guard: 0.


Internal statistics:

num_allocs_failed_limit: 6.
num_arena_births: 4628.
num_arena_deaths: 0.
num_vsnodes_births: 3.
num_vsnodes_deaths: 0.
num_space_committed: 1770.
num_space_uncommitted: 0.
num_chunks_returned_to_freelist: 6.
num_chunks_taken_from_freelist: 10126.
num_chunk_merges: 3.
num_chunk_splits: 6485.
num_chunks_enlarged: 4004.
num_inconsistent_stats: 0.

CodeHeap 'non-profiled nmethods': size=120000Kb used=10660Kb max_used=10660Kb free=109339Kb
 bounds [0x0000020dcd130000, 0x0000020dcdba0000, 0x0000020dd4660000]
CodeHeap 'profiled nmethods': size=120000Kb used=26224Kb max_used=26224Kb free=93775Kb
 bounds [0x0000020dc5660000, 0x0000020dc7000000, 0x0000020dccb90000]
CodeHeap 'non-nmethods': size=5760Kb used=3028Kb max_used=3093Kb free=2731Kb
 bounds [0x0000020dccb90000, 0x0000020dcceb0000, 0x0000020dcd130000]
CodeCache: size=245760Kb, used=39912Kb, max_used=39977Kb, free=205845Kb
 total_blobs=14737, nmethods=13709, adapters=930, full_count=0
Compilation: enabled, stopped_count=0, restarted_count=0

Compilation events (20 events):
Event: 114.912 Thread 0x0000020ddbd79840 16440       3       java.util.concurrent.locks.AbstractQueuedSynchronizer$ExclusiveNode::<init> (5 bytes)
Event: 114.912 Thread 0x0000020ddbd79840 nmethod 16440 0x0000020dc6fd8390 code [0x0000020dc6fd8540, 0x0000020dc6fd8708]
Event: 114.914 Thread 0x0000020ddbd79840 16441 % !   3       java.util.concurrent.locks.AbstractQueuedSynchronizer::acquire @ 20 (424 bytes)
Event: 114.917 Thread 0x0000020ddbd79840 nmethod 16441% 0x0000020dc6fd8810 code [0x0000020dc6fd8be0, 0x0000020dc6fda8d8]
Event: 114.928 Thread 0x0000020ddbd79840 16442   !   3       java.util.concurrent.locks.AbstractQueuedSynchronizer::acquire (424 bytes)
Event: 114.930 Thread 0x0000020ddbd79840 nmethod 16442 0x0000020dc6fdb210 code [0x0000020dc6fdb5e0, 0x0000020dc6fdcf78]
Event: 114.967 Thread 0x0000020ddbd79840 16443   !   3       java.io.File::toURI (69 bytes)
Event: 114.968 Thread 0x0000020ddbd79840 nmethod 16443 0x0000020dc6fdd790 code [0x0000020dc6fdda60, 0x0000020dc6fde750]
Event: 114.970 Thread 0x0000020ddbd79840 16444       3       java.io.File::getAbsoluteFile (38 bytes)
Event: 114.971 Thread 0x0000020ddbd79840 nmethod 16444 0x0000020dc6fded10 code [0x0000020dc6fdef00, 0x0000020dc6fdf3f0]
Event: 114.972 Thread 0x0000020ddbd79840 16445   !   3       org.gradle.internal.classpath.DefaultClassPath::toURL (14 bytes)
Event: 114.972 Thread 0x0000020ddbd79840 nmethod 16445 0x0000020dc6fdf590 code [0x0000020dc6fdf780, 0x0000020dc6fdfa98]
Event: 115.003 Thread 0x0000020ddbd79840 16446       3       java.nio.channels.spi.AbstractInterruptibleChannel::blockedOn (10 bytes)
Event: 115.004 Thread 0x0000020ddbd79840 nmethod 16446 0x0000020dc6fdfc90 code [0x0000020dc6fdfe60, 0x0000020dc6fe0098]
Event: 115.004 Thread 0x0000020ddbd79840 16447       3       java.lang.System$2::blockedOn (5 bytes)
Event: 115.004 Thread 0x0000020ddbd79840 nmethod 16447 0x0000020dc6fe0210 code [0x0000020dc6fe03c0, 0x0000020dc6fe04f8]
Event: 115.006 Thread 0x0000020ddbd79840 16448 %     3       org.gradle.launcher.daemon.server.exec.DaemonConnectionBackedEventConsumer$ForwardEvents::run @ 0 (25 bytes)
Event: 115.007 Thread 0x0000020ddbd79840 nmethod 16448% 0x0000020dc6fe0590 code [0x0000020dc6fe07c0, 0x0000020dc6fe1040]
Event: 115.021 Thread 0x0000020ddbd79840 16449       3       com.google.common.base.Joiner::toString (24 bytes)
Event: 115.021 Thread 0x0000020ddbd79840 nmethod 16449 0x0000020dc6fe1490 code [0x0000020dc6fe1680, 0x0000020dc6fe1c20]

GC Heap History (20 events):
Event: 101.358 GC heap before
{Heap before GC invocations=54 (full 0):
 garbage-first heap   total 253952K, used 201866K [0x0000000700000000, 0x0000000800000000)
  region size 2048K, 30 young (61440K), 5 survivors (10240K)
 Metaspace       used 108449K, committed 111040K, reserved 557056K
  class space    used 15519K, committed 16768K, reserved 425984K
}
Event: 101.367 GC heap after
{Heap after GC invocations=55 (full 0):
 garbage-first heap   total 253952K, used 158842K [0x0000000700000000, 0x0000000800000000)
  region size 2048K, 4 young (8192K), 4 survivors (8192K)
 Metaspace       used 108449K, committed 111040K, reserved 557056K
  class space    used 15519K, committed 16768K, reserved 425984K
}
Event: 102.351 GC heap before
{Heap before GC invocations=55 (full 0):
 garbage-first heap   total 253952K, used 228474K [0x0000000700000000, 0x0000000800000000)
  region size 2048K, 38 young (77824K), 4 survivors (8192K)
 Metaspace       used 108828K, committed 111424K, reserved 557056K
  class space    used 15557K, committed 16832K, reserved 425984K
}
Event: 102.361 GC heap after
{Heap after GC invocations=56 (full 0):
 garbage-first heap   total 253952K, used 160287K [0x0000000700000000, 0x0000000800000000)
  region size 2048K, 4 young (8192K), 4 survivors (8192K)
 Metaspace       used 108828K, committed 111424K, reserved 557056K
  class space    used 15557K, committed 16832K, reserved 425984K
}
Event: 103.455 GC heap before
{Heap before GC invocations=56 (full 0):
 garbage-first heap   total 253952K, used 225823K [0x0000000700000000, 0x0000000800000000)
  region size 2048K, 37 young (75776K), 4 survivors (8192K)
 Metaspace       used 108991K, committed 111552K, reserved 557056K
  class space    used 15575K, committed 16832K, reserved 425984K
}
Event: 103.463 GC heap after
{Heap after GC invocations=57 (full 0):
 garbage-first heap   total 253952K, used 164484K [0x0000000700000000, 0x0000000800000000)
  region size 2048K, 4 young (8192K), 4 survivors (8192K)
 Metaspace       used 108991K, committed 111552K, reserved 557056K
  class space    used 15575K, committed 16832K, reserved 425984K
}
Event: 107.162 GC heap before
{Heap before GC invocations=58 (full 0):
 garbage-first heap   total 280576K, used 227972K [0x0000000700000000, 0x0000000800000000)
  region size 2048K, 35 young (71680K), 4 survivors (8192K)
 Metaspace       used 109072K, committed 111680K, reserved 557056K
  class space    used 15575K, committed 16832K, reserved 425984K
}
Event: 107.170 GC heap after
{Heap after GC invocations=59 (full 0):
 garbage-first heap   total 280576K, used 167867K [0x0000000700000000, 0x0000000800000000)
  region size 2048K, 3 young (6144K), 3 survivors (6144K)
 Metaspace       used 109072K, committed 111680K, reserved 557056K
  class space    used 15575K, committed 16832K, reserved 425984K
}
Event: 108.167 GC heap before
{Heap before GC invocations=59 (full 0):
 garbage-first heap   total 280576K, used 247739K [0x0000000700000000, 0x0000000800000000)
  region size 2048K, 43 young (88064K), 3 survivors (6144K)
 Metaspace       used 109074K, committed 111680K, reserved 557056K
  class space    used 15575K, committed 16832K, reserved 425984K
}
Event: 108.175 GC heap after
{Heap after GC invocations=60 (full 0):
 garbage-first heap   total 280576K, used 166936K [0x0000000700000000, 0x0000000800000000)
  region size 2048K, 4 young (8192K), 4 survivors (8192K)
 Metaspace       used 109074K, committed 111680K, reserved 557056K
  class space    used 15575K, committed 16832K, reserved 425984K
}
Event: 109.451 GC heap before
{Heap before GC invocations=60 (full 0):
 garbage-first heap   total 280576K, used 259096K [0x0000000700000000, 0x0000000800000000)
  region size 2048K, 49 young (100352K), 4 survivors (8192K)
 Metaspace       used 109364K, committed 112064K, reserved 557056K
  class space    used 15597K, committed 16896K, reserved 425984K
}
Event: 109.463 GC heap after
{Heap after GC invocations=61 (full 0):
 garbage-first heap   total 284672K, used 182750K [0x0000000700000000, 0x0000000800000000)
  region size 2048K, 7 young (14336K), 7 survivors (14336K)
 Metaspace       used 109364K, committed 112064K, reserved 557056K
  class space    used 15597K, committed 16896K, reserved 425984K
}
Event: 110.365 GC heap before
{Heap before GC invocations=61 (full 0):
 garbage-first heap   total 284672K, used 254430K [0x0000000700000000, 0x0000000800000000)
  region size 2048K, 43 young (88064K), 7 survivors (14336K)
 Metaspace       used 109368K, committed 112064K, reserved 557056K
  class space    used 15598K, committed 16896K, reserved 425984K
}
Event: 110.375 GC heap after
{Heap after GC invocations=62 (full 0):
 garbage-first heap   total 284672K, used 185744K [0x0000000700000000, 0x0000000800000000)
  region size 2048K, 2 young (4096K), 2 survivors (4096K)
 Metaspace       used 109368K, committed 112064K, reserved 557056K
  class space    used 15598K, committed 16896K, reserved 425984K
}
Event: 111.077 GC heap before
{Heap before GC invocations=63 (full 0):
 garbage-first heap   total 311296K, used 259472K [0x0000000700000000, 0x0000000800000000)
  region size 2048K, 39 young (79872K), 2 survivors (4096K)
 Metaspace       used 109563K, committed 112192K, reserved 557056K
  class space    used 15616K, committed 16896K, reserved 425984K
}
Event: 111.085 GC heap after
{Heap after GC invocations=64 (full 0):
 garbage-first heap   total 311296K, used 189896K [0x0000000700000000, 0x0000000800000000)
  region size 2048K, 4 young (8192K), 4 survivors (8192K)
 Metaspace       used 109563K, committed 112192K, reserved 557056K
  class space    used 15616K, committed 16896K, reserved 425984K
}
Event: 112.064 GC heap before
{Heap before GC invocations=64 (full 0):
 garbage-first heap   total 311296K, used 284104K [0x0000000700000000, 0x0000000800000000)
  region size 2048K, 51 young (104448K), 4 survivors (8192K)
 Metaspace       used 109766K, committed 112384K, reserved 557056K
  class space    used 15634K, committed 16896K, reserved 425984K
}
Event: 112.083 GC heap after
{Heap after GC invocations=65 (full 0):
 garbage-first heap   total 374784K, used 193471K [0x0000000700000000, 0x0000000800000000)
  region size 2048K, 7 young (14336K), 7 survivors (14336K)
 Metaspace       used 109766K, committed 112384K, reserved 557056K
  class space    used 15634K, committed 16896K, reserved 425984K
}
Event: 114.085 GC heap before
{Heap before GC invocations=65 (full 0):
 garbage-first heap   total 374784K, used 367551K [0x0000000700000000, 0x0000000800000000)
  region size 2048K, 80 young (163840K), 7 survivors (14336K)
 Metaspace       used 110406K, committed 113088K, reserved 557056K
  class space    used 15721K, committed 17024K, reserved 425984K
}
Event: 114.099 GC heap after
{Heap after GC invocations=66 (full 0):
 garbage-first heap   total 397312K, used 204525K [0x0000000700000000, 0x0000000800000000)
  region size 2048K, 10 young (20480K), 10 survivors (20480K)
 Metaspace       used 110406K, committed 113088K, reserved 557056K
  class space    used 15721K, committed 17024K, reserved 425984K
}

Dll operation events (14 events):
Event: 0.266 Loaded shared library C:\Users\User\.antigravity\extensions\redhat.java-1.54.0-win32-x64\jre\21.0.10-win32-x86_64\bin\java.dll
Event: 0.418 Loaded shared library C:\Users\User\.antigravity\extensions\redhat.java-1.54.0-win32-x64\jre\21.0.10-win32-x86_64\bin\zip.dll
Event: 0.447 Loaded shared library C:\Users\User\.antigravity\extensions\redhat.java-1.54.0-win32-x64\jre\21.0.10-win32-x86_64\bin\instrument.dll
Event: 0.538 Loaded shared library C:\Users\User\.antigravity\extensions\redhat.java-1.54.0-win32-x64\jre\21.0.10-win32-x86_64\bin\net.dll
Event: 0.637 Loaded shared library C:\Users\User\.antigravity\extensions\redhat.java-1.54.0-win32-x64\jre\21.0.10-win32-x86_64\bin\nio.dll
Event: 1.433 Loaded shared library C:\Users\User\.antigravity\extensions\redhat.java-1.54.0-win32-x64\jre\21.0.10-win32-x86_64\bin\zip.dll
Event: 20.297 Loaded shared library C:\Users\User\.antigravity\extensions\redhat.java-1.54.0-win32-x64\jre\21.0.10-win32-x86_64\bin\jimage.dll
Event: 30.041 Loaded shared library C:\Users\User\.antigravity\extensions\redhat.java-1.54.0-win32-x64\jre\21.0.10-win32-x86_64\bin\verify.dll
Event: 30.318 Loaded shared library C:\Users\User\.gradle\native\1def1411415f61bf3af743bc5b6707747c0891f09f0c88961ee8f79bc544acac\windows-amd64\native-platform.dll
Event: 30.417 Loaded shared library C:\Users\User\.gradle\native\0.2.7\x86_64-windows-gnu\gradle-fileevents.dll
Event: 48.103 Loaded shared library C:\Users\User\.antigravity\extensions\redhat.java-1.54.0-win32-x64\jre\21.0.10-win32-x86_64\bin\management.dll
Event: 48.141 Loaded shared library C:\Users\User\.antigravity\extensions\redhat.java-1.54.0-win32-x64\jre\21.0.10-win32-x86_64\bin\management_ext.dll
Event: 48.455 Loaded shared library C:\Users\User\.antigravity\extensions\redhat.java-1.54.0-win32-x64\jre\21.0.10-win32-x86_64\bin\extnet.dll
Event: 49.040 Loaded shared library C:\Users\User\.antigravity\extensions\redhat.java-1.54.0-win32-x64\jre\21.0.10-win32-x86_64\bin\sunmscapi.dll

Deoptimization events (20 events):
Event: 113.138 Thread 0x0000020dfd2b62e0 Uncommon trap: trap_request=0xffffffc6 fr.pc=0x0000020dcd8c5e3c relative=0x000000000000081c
Event: 113.138 Thread 0x0000020dfd2b62e0 Uncommon trap: reason=bimorphic_or_optimized_type_check action=maybe_recompile pc=0x0000020dcd8c5e3c method=com.google.common.collect.AbstractMapBasedMultimap$KeySet.iterator()Ljava/util/Iterator; @ 4 c2
Event: 113.138 Thread 0x0000020dfd2b62e0 DEOPT PACKING pc=0x0000020dcd8c5e3c sp=0x000000b96f9f68f0
Event: 113.138 Thread 0x0000020dfd2b62e0 DEOPT UNPACKING pc=0x0000020dccbe7ba2 sp=0x000000b96f9f68c0 mode 2
Event: 113.138 Thread 0x0000020dfd2b62e0 Uncommon trap: trap_request=0xffffffc6 fr.pc=0x0000020dcd5bfaac relative=0x000000000000008c
Event: 113.138 Thread 0x0000020dfd2b62e0 Uncommon trap: reason=bimorphic_or_optimized_type_check action=maybe_recompile pc=0x0000020dcd5bfaac method=com.google.common.collect.AbstractMapBasedMultimap$KeySet$1.hasNext()Z @ 4 c2
Event: 113.138 Thread 0x0000020dfd2b62e0 DEOPT PACKING pc=0x0000020dcd5bfaac sp=0x000000b96f9f6940
Event: 113.138 Thread 0x0000020dfd2b62e0 DEOPT UNPACKING pc=0x0000020dccbe7ba2 sp=0x000000b96f9f68c8 mode 2
Event: 113.139 Thread 0x0000020dfd2b62e0 Uncommon trap: trap_request=0xffffff45 fr.pc=0x0000020dcdae585c relative=0x000000000000057c
Event: 113.139 Thread 0x0000020dfd2b62e0 Uncommon trap: reason=unstable_if action=reinterpret pc=0x0000020dcdae585c method=org.gradle.api.internal.DefaultNamedDomainObjectCollection.findByName(Ljava/lang/String;)Ljava/lang/Object; @ 24 c2
Event: 113.139 Thread 0x0000020dfd2b62e0 DEOPT PACKING pc=0x0000020dcdae585c sp=0x000000b96f9f8de0
Event: 113.139 Thread 0x0000020dfd2b62e0 DEOPT UNPACKING pc=0x0000020dccbe7ba2 sp=0x000000b96f9f8da0 mode 2
Event: 114.437 Thread 0x0000020dfd2b62e0 Uncommon trap: trap_request=0xffffffc6 fr.pc=0x0000020dcd8baf2c relative=0x000000000000042c
Event: 114.437 Thread 0x0000020dfd2b62e0 Uncommon trap: reason=bimorphic_or_optimized_type_check action=maybe_recompile pc=0x0000020dcd8baf2c method=org.codehaus.groovy.util.SingleKeyHashMap.get(Ljava/lang/Object;)Ljava/lang/Object; @ 1 c2
Event: 114.437 Thread 0x0000020dfd2b62e0 DEOPT PACKING pc=0x0000020dcd8baf2c sp=0x000000b96f9f7050
Event: 114.437 Thread 0x0000020dfd2b62e0 DEOPT UNPACKING pc=0x0000020dccbe7ba2 sp=0x000000b96f9f6fe0 mode 2
Event: 114.906 Thread 0x0000020dfd766cb0 Uncommon trap: trap_request=0xffffff45 fr.pc=0x0000020dcd675e2c relative=0x000000000000128c
Event: 114.906 Thread 0x0000020dfd766cb0 Uncommon trap: reason=unstable_if action=reinterpret pc=0x0000020dcd675e2c method=java.util.concurrent.locks.AbstractQueuedSynchronizer.hasQueuedPredecessors()Z @ 33 c2
Event: 114.906 Thread 0x0000020dfd766cb0 DEOPT PACKING pc=0x0000020dcd675e2c sp=0x000000b96fffed80
Event: 114.906 Thread 0x0000020dfd766cb0 DEOPT UNPACKING pc=0x0000020dccbe7ba2 sp=0x000000b96fffec38 mode 2

Classes loaded (20 events):
Event: 112.841 Loading class java/security/MessageDigest$Delegate$CloneableDelegateBeanInfo
Event: 112.841 Loading class java/security/MessageDigest$Delegate$CloneableDelegateBeanInfo done
Event: 112.842 Loading class java/security/MessageDigest$Delegate$CloneableDelegateBeanInfo
Event: 112.842 Loading class java/security/MessageDigest$Delegate$CloneableDelegateBeanInfo done
Event: 112.842 Loading class java/security/MessageDigest$DelegateBeanInfo
Event: 112.842 Loading class java/security/MessageDigest$DelegateBeanInfo done
Event: 112.842 Loading class java/security/MessageDigest$DelegateBeanInfo
Event: 112.842 Loading class java/security/MessageDigest$DelegateBeanInfo done
Event: 112.842 Loading class java/security/MessageDigest$DelegateCustomizer
Event: 112.842 Loading class java/security/MessageDigest$DelegateCustomizer done
Event: 112.842 Loading class java/security/MessageDigest$DelegateCustomizer
Event: 112.843 Loading class java/security/MessageDigest$DelegateCustomizer done
Event: 112.843 Loading class java/security/MessageDigest$Delegate$CloneableDelegateCustomizer
Event: 112.843 Loading class java/security/MessageDigest$Delegate$CloneableDelegateCustomizer done
Event: 112.844 Loading class java/security/MessageDigest$Delegate$CloneableDelegateCustomizer
Event: 112.844 Loading class java/security/MessageDigest$Delegate$CloneableDelegateCustomizer done
Event: 112.897 Loading class java/io/FilterReader
Event: 112.897 Loading class java/io/FilterReader done
Event: 112.941 Loading class java/io/CharArrayWriter
Event: 112.941 Loading class java/io/CharArrayWriter done

Classes unloaded (0 events):
No events

Classes redefined (0 events):
No events

Internal exceptions (20 events):
Event: 112.858 Thread 0x0000020dfd2b62e0 Exception <a 'java/lang/ClassNotFoundException'{0x000000070f038a70}: groovy/runtime/metaclass/[BMetaClass> (0x000000070f038a70) 
thrown [s\src\hotspot\share\prims\jni.cpp, line 539]
Event: 112.859 Thread 0x0000020dfd2b62e0 Exception <a 'java/lang/ClassNotFoundException'{0x000000070f03e400}: [BBeanInfo> (0x000000070f03e400) 
thrown [s\src\hotspot\share\prims\jni.cpp, line 539]
Event: 112.859 Thread 0x0000020dfd2b62e0 Exception <a 'java/lang/ClassNotFoundException'{0x000000070f03fc90}: [BBeanInfo> (0x000000070f03fc90) 
thrown [s\src\hotspot\share\prims\jni.cpp, line 539]
Event: 112.859 Thread 0x0000020dfd2b62e0 Exception <a 'java/lang/ClassNotFoundException'{0x000000070f041598}: [BCustomizer> (0x000000070f041598) 
thrown [s\src\hotspot\share\prims\jni.cpp, line 539]
Event: 112.859 Thread 0x0000020dfd2b62e0 Exception <a 'java/lang/ClassNotFoundException'{0x000000070f042e28}: [BCustomizer> (0x000000070f042e28) 
thrown [s\src\hotspot\share\prims\jni.cpp, line 539]
Event: 112.864 Thread 0x0000020dfd2b62e0 Exception <a 'java/lang/ClassNotFoundException'{0x000000070f070a88}: org/codehaus/groovy/runtime/EncodingGroovyMethods$2BeanInfo> (0x000000070f070a88) 
thrown [s\src\hotspot\share\classfile\systemDictionary.cpp, line 312]
Event: 112.865 Thread 0x0000020dfd2b62e0 Exception <a 'java/lang/ClassNotFoundException'{0x000000070f088308}: org/codehaus/groovy/runtime/EncodingGroovyMethods$2Customizer> (0x000000070f088308) 
thrown [s\src\hotspot\share\classfile\systemDictionary.cpp, line 312]
Event: 112.893 Thread 0x0000020dfd2b62e0 Exception <a 'java/lang/ClassNotFoundException'{0x000000070f18a960}: org/gradle/api/internal/file/copy/CopySpecWrapper_DecoratedBeanInfo> (0x000000070f18a960) 
thrown [s\src\hotspot\share\classfile\systemDictionary.cpp, line 312]
Event: 112.894 Thread 0x0000020dfd2b62e0 Exception <a 'java/lang/ClassNotFoundException'{0x000000070f1a44e8}: org/gradle/api/internal/file/copy/CopySpecWrapperBeanInfo> (0x000000070f1a44e8) 
thrown [s\src\hotspot\share\classfile\systemDictionary.cpp, line 312]
Event: 112.895 Thread 0x0000020dfd2b62e0 Exception <a 'java/lang/ClassNotFoundException'{0x000000070f1be068}: org/gradle/api/internal/file/copy/CopySpecWrapperCustomizer> (0x000000070f1be068) 
thrown [s\src\hotspot\share\classfile\systemDictionary.cpp, line 312]
Event: 112.899 Thread 0x0000020dfd2b62e0 Exception <a 'java/lang/ClassNotFoundException'{0x000000070eedf2b8}: org/gradle/api/internal/file/copy/CopySpecWrapper_DecoratedCustomizer> (0x000000070eedf2b8) 
thrown [s\src\hotspot\share\classfile\systemDictionary.cpp, line 312]
Event: 112.916 Thread 0x0000020dfd2b62e0 Implicit null exception at 0x0000020dcd798f8f to 0x0000020dcd7999b4
Event: 113.144 Thread 0x0000020dfd2b62e0 Exception <a 'java/lang/ClassNotFoundException'{0x000000070e97f758}: org/gradle/api/DefaultTask_DecoratedBeanInfo> (0x000000070e97f758) 
thrown [s\src\hotspot\share\classfile\systemDictionary.cpp, line 312]
Event: 113.145 Thread 0x0000020dfd2b62e0 Exception <a 'java/lang/ClassNotFoundException'{0x000000070e992358}: org/gradle/api/DefaultTask_DecoratedCustomizer> (0x000000070e992358) 
thrown [s\src\hotspot\share\classfile\systemDictionary.cpp, line 312]
Event: 113.306 Thread 0x0000020dfd2b62e0 Exception <a 'java/lang/ClassNotFoundException'{0x000000070aa2cd30}: build_1upq4rxc2636vtfbwti85me1fBeanInfo> (0x000000070aa2cd30) 
thrown [s\src\hotspot\share\classfile\systemDictionary.cpp, line 312]
Event: 113.306 Thread 0x0000020dfd2b62e0 Exception <a 'java/lang/ClassNotFoundException'{0x000000070aa34310}: build_1upq4rxc2636vtfbwti85me1fCustomizer> (0x000000070aa34310) 
thrown [s\src\hotspot\share\classfile\systemDictionary.cpp, line 312]
Event: 114.146 Thread 0x0000020dfd2b62e0 Exception <a 'java/lang/ClassNotFoundException'{0x00000007ffa203e0}: build_1upq4rxc2636vtfbwti85me1fBeanInfo> (0x00000007ffa203e0) 
thrown [s\src\hotspot\share\classfile\systemDictionary.cpp, line 312]
Event: 114.146 Thread 0x0000020dfd2b62e0 Exception <a 'java/lang/ClassNotFoundException'{0x00000007ffa27ec0}: build_1upq4rxc2636vtfbwti85me1fCustomizer> (0x00000007ffa27ec0) 
thrown [s\src\hotspot\share\classfile\systemDictionary.cpp, line 312]
Event: 114.364 Thread 0x0000020dfd2b62e0 Exception <a 'java/lang/ClassNotFoundException'{0x0000000715f0eb70}: build_dawc6rpo6ne3end23rqofnmm7BeanInfo> (0x0000000715f0eb70) 
thrown [s\src\hotspot\share\classfile\systemDictionary.cpp, line 312]
Event: 114.364 Thread 0x0000020dfd2b62e0 Exception <a 'java/lang/ClassNotFoundException'{0x0000000715f16150}: build_dawc6rpo6ne3end23rqofnmm7Customizer> (0x0000000715f16150) 
thrown [s\src\hotspot\share\classfile\systemDictionary.cpp, line 312]

ZGC Phase Switch (0 events):
No events

VM Operations (20 events):
Event: 110.365 Executing safepoint VM operation: G1CollectForAllocation (G1 Evacuation Pause)
Event: 110.375 Executing safepoint VM operation: G1CollectForAllocation (G1 Evacuation Pause) done
Event: 110.564 Executing safepoint VM operation: G1PauseRemark
Event: 110.571 Executing safepoint VM operation: G1PauseRemark done
Event: 110.653 Executing safepoint VM operation: G1PauseCleanup
Event: 110.653 Executing safepoint VM operation: G1PauseCleanup done
Event: 111.077 Executing safepoint VM operation: G1CollectForAllocation (G1 Evacuation Pause)
Event: 111.085 Executing safepoint VM operation: G1CollectForAllocation (G1 Evacuation Pause) done
Event: 112.064 Executing safepoint VM operation: G1CollectForAllocation (G1 Evacuation Pause)
Event: 112.083 Executing safepoint VM operation: G1CollectForAllocation (G1 Evacuation Pause) done
Event: 112.750 Executing non-safepoint VM operation: HandshakeAllThreads (Deoptimize)
Event: 112.750 Executing non-safepoint VM operation: HandshakeAllThreads (Deoptimize) done
Event: 112.755 Executing non-safepoint VM operation: HandshakeAllThreads (Deoptimize)
Event: 112.756 Executing non-safepoint VM operation: HandshakeAllThreads (Deoptimize) done
Event: 113.767 Executing safepoint VM operation: Cleanup
Event: 113.767 Executing safepoint VM operation: Cleanup done
Event: 114.084 Executing safepoint VM operation: G1CollectForAllocation (G1 Evacuation Pause)
Event: 114.099 Executing safepoint VM operation: G1CollectForAllocation (G1 Evacuation Pause) done
Event: 114.664 Executing safepoint VM operation: ICBufferFull
Event: 114.664 Executing safepoint VM operation: ICBufferFull done

Memory protections (0 events):
No events

Nmethod flushes (20 events):
Event: 110.570 Thread 0x0000020ddbd44270 flushing  nmethod 0x0000020dc6c6ee90
Event: 110.570 Thread 0x0000020ddbd44270 flushing  nmethod 0x0000020dc573e490
Event: 110.570 Thread 0x0000020ddbd44270 flushing  nmethod 0x0000020dc5741190
Event: 110.570 Thread 0x0000020ddbd44270 flushing  nmethod 0x0000020dc5812810
Event: 110.570 Thread 0x0000020ddbd44270 flushing  nmethod 0x0000020dc5b1fe90
Event: 110.570 Thread 0x0000020ddbd44270 flushing  nmethod 0x0000020dc5cd8590
Event: 110.570 Thread 0x0000020ddbd44270 flushing  nmethod 0x0000020dc5da3590
Event: 110.570 Thread 0x0000020ddbd44270 flushing  nmethod 0x0000020dc5f7a410
Event: 110.570 Thread 0x0000020ddbd44270 flushing  nmethod 0x0000020dc5f90310
Event: 110.570 Thread 0x0000020ddbd44270 flushing  nmethod 0x0000020dc600b490
Event: 110.570 Thread 0x0000020ddbd44270 flushing  nmethod 0x0000020dc6117b90
Event: 110.570 Thread 0x0000020ddbd44270 flushing  nmethod 0x0000020dc611be90
Event: 110.570 Thread 0x0000020ddbd44270 flushing  nmethod 0x0000020dc618ca90
Event: 110.570 Thread 0x0000020ddbd44270 flushing  nmethod 0x0000020dc61d7990
Event: 110.570 Thread 0x0000020ddbd44270 flushing  nmethod 0x0000020dc61d9c10
Event: 110.570 Thread 0x0000020ddbd44270 flushing  nmethod 0x0000020dc6323410
Event: 110.570 Thread 0x0000020ddbd44270 flushing  nmethod 0x0000020dc6369e10
Event: 110.570 Thread 0x0000020ddbd44270 flushing  nmethod 0x0000020dc6536b90
Event: 110.570 Thread 0x0000020ddbd44270 flushing  nmethod 0x0000020dc6578a10
Event: 110.570 Thread 0x0000020ddbd44270 flushing  nmethod 0x0000020dc6844e10

Events (20 events):
Event: 98.696 Thread 0x0000020dfd2b62e0 Thread added: 0x0000020dfe2c06c0
Event: 98.697 Thread 0x0000020dfd2b62e0 Thread added: 0x0000020dfe2c0d50
Event: 98.698 Thread 0x0000020dfd2b62e0 Thread added: 0x0000020dfe2bf310
Event: 98.698 Thread 0x0000020dfd2b62e0 Thread added: 0x0000020dfe2be5f0
Event: 98.699 Thread 0x0000020dfd2b62e0 Thread added: 0x0000020dfe2bec80
Event: 98.700 Thread 0x0000020dfd2b62e0 Thread added: 0x0000020dfe2bf9a0
Event: 98.987 Thread 0x0000020dfd2b62e0 Thread added: 0x0000020d82584dd0
Event: 99.761 Thread 0x0000020dfd2b62e0 Thread added: 0x0000020d82582d00
Event: 102.093 Thread 0x0000020d82900060 Thread exited: 0x0000020d82900060
Event: 103.130 Thread 0x0000020ddbd79840 Thread added: 0x0000020ddbd79170
Event: 105.518 Thread 0x0000020ddbd79170 Thread exited: 0x0000020ddbd79170
Event: 108.462 Thread 0x0000020ddbd79840 Thread added: 0x0000020d82906d60
Event: 108.599 Thread 0x0000020d82906d60 Thread exited: 0x0000020d82906d60
Event: 108.829 Thread 0x0000020ddbd79840 Thread added: 0x0000020d82906d60
Event: 110.700 Thread 0x0000020d82906d60 Thread exited: 0x0000020d82906d60
Event: 110.891 Thread 0x0000020ddbd79840 Thread added: 0x0000020d82905fc0
Event: 114.053 Thread 0x0000020d82905fc0 Thread exited: 0x0000020d82905fc0
Event: 114.064 Thread 0x0000020ddbd79840 Thread added: 0x0000020d817bdfc0
Event: 114.076 Thread 0x0000020ddbd79840 Thread added: 0x0000020d817bc480
Event: 114.436 Thread 0x0000020d817bc480 Thread exited: 0x0000020d817bc480


Dynamic libraries:
0x00007ff6a1e40000 - 0x00007ff6a1e4e000 	C:\Users\User\.antigravity\extensions\redhat.java-1.54.0-win32-x64\jre\21.0.10-win32-x86_64\bin\java.exe
0x00007ffd4efe0000 - 0x00007ffd4f247000 	C:\Windows\SYSTEM32\ntdll.dll
0x00007ffd4e7b0000 - 0x00007ffd4e879000 	C:\Windows\System32\KERNEL32.DLL
0x00007ffd4be40000 - 0x00007ffd4c231000 	C:\Windows\System32\KERNELBASE.dll
0x00007ffd4cae0000 - 0x00007ffd4cc2b000 	C:\Windows\System32\ucrtbase.dll
0x00007ffd2c8c0000 - 0x00007ffd2c8de000 	C:\Users\User\.antigravity\extensions\redhat.java-1.54.0-win32-x64\jre\21.0.10-win32-x86_64\bin\VCRUNTIME140.dll
0x00007ffd2c5d0000 - 0x00007ffd2c5e8000 	C:\Users\User\.antigravity\extensions\redhat.java-1.54.0-win32-x64\jre\21.0.10-win32-x86_64\bin\jli.dll
0x00007ffd4e080000 - 0x00007ffd4e245000 	C:\Windows\System32\USER32.dll
0x00007ffd2f6d0000 - 0x00007ffd2f963000 	C:\Windows\WinSxS\amd64_microsoft.windows.common-controls_6595b64144ccf1df_6.0.26100.8037_none_3e092faae333b53b\COMCTL32.dll
0x00007ffd4c240000 - 0x00007ffd4c267000 	C:\Windows\System32\win32u.dll
0x00007ffd4e900000 - 0x00007ffd4e9a9000 	C:\Windows\System32\msvcrt.dll
0x00007ffd4d290000 - 0x00007ffd4d2bb000 	C:\Windows\System32\GDI32.dll
0x00007ffd4b8c0000 - 0x00007ffd4b9eb000 	C:\Windows\System32\gdi32full.dll
0x00007ffd4bd90000 - 0x00007ffd4be33000 	C:\Windows\System32\msvcp_win.dll
0x00007ffd4d2c0000 - 0x00007ffd4d2f1000 	C:\Windows\System32\IMM32.DLL
0x00007ffd48c60000 - 0x00007ffd48c6c000 	C:\Users\User\.antigravity\extensions\redhat.java-1.54.0-win32-x64\jre\21.0.10-win32-x86_64\bin\vcruntime140_1.dll
0x00007ffcf1120000 - 0x00007ffcf11ad000 	C:\Users\User\.antigravity\extensions\redhat.java-1.54.0-win32-x64\jre\21.0.10-win32-x86_64\bin\msvcp140.dll
0x00007ffce0100000 - 0x00007ffce0ea1000 	C:\Users\User\.antigravity\extensions\redhat.java-1.54.0-win32-x64\jre\21.0.10-win32-x86_64\bin\server\jvm.dll
0x00007ffd4cd80000 - 0x00007ffd4ce3b000 	C:\Windows\System32\ADVAPI32.dll
0x00007ffd4dfd0000 - 0x00007ffd4e077000 	C:\Windows\System32\sechost.dll
0x00007ffd4cff0000 - 0x00007ffd4d108000 	C:\Windows\System32\RPCRT4.dll
0x00007ffd4e250000 - 0x00007ffd4e2c4000 	C:\Windows\System32\WS2_32.dll
0x00007ffd4b720000 - 0x00007ffd4b77e000 	C:\Windows\SYSTEM32\POWRPROF.dll
0x00007ffd40fb0000 - 0x00007ffd40fe5000 	C:\Windows\SYSTEM32\WINMM.dll
0x00007ffd36db0000 - 0x00007ffd36dbb000 	C:\Windows\SYSTEM32\VERSION.dll
0x00007ffd4b700000 - 0x00007ffd4b714000 	C:\Windows\SYSTEM32\UMPDC.dll
0x00007ffd4a610000 - 0x00007ffd4a62b000 	C:\Windows\SYSTEM32\kernel.appcore.dll
0x00007ffd486e0000 - 0x00007ffd486ea000 	C:\Users\User\.antigravity\extensions\redhat.java-1.54.0-win32-x64\jre\21.0.10-win32-x86_64\bin\jimage.dll
0x00007ffd49760000 - 0x00007ffd499a2000 	C:\Windows\SYSTEM32\DBGHELP.DLL
0x00007ffd4d300000 - 0x00007ffd4d682000 	C:\Windows\System32\combase.dll
0x00007ffd4d110000 - 0x00007ffd4d1e7000 	C:\Windows\System32\OLEAUT32.dll
0x00007ffd37060000 - 0x00007ffd3709b000 	C:\Windows\SYSTEM32\dbgcore.DLL
0x00007ffd4b9f0000 - 0x00007ffd4ba95000 	C:\Windows\System32\bcryptPrimitives.dll
0x00007ffd2bc40000 - 0x00007ffd2bc4f000 	C:\Users\User\.antigravity\extensions\redhat.java-1.54.0-win32-x64\jre\21.0.10-win32-x86_64\bin\instrument.dll
0x00007ffd2c5b0000 - 0x00007ffd2c5d0000 	C:\Users\User\.antigravity\extensions\redhat.java-1.54.0-win32-x64\jre\21.0.10-win32-x86_64\bin\java.dll
0x00007ffd4d830000 - 0x00007ffd4df8f000 	C:\Windows\System32\SHELL32.dll
0x00007ffd4bc20000 - 0x00007ffd4bd8a000 	C:\Windows\System32\wintypes.dll
0x00007ffd4c270000 - 0x00007ffd4cad4000 	C:\Windows\System32\windows.storage.dll
0x00007ffd4e530000 - 0x00007ffd4e627000 	C:\Windows\System32\SHCORE.dll
0x00007ffd4cf20000 - 0x00007ffd4cf87000 	C:\Windows\System32\shlwapi.dll
0x00007ffd4b7e0000 - 0x00007ffd4b809000 	C:\Windows\SYSTEM32\profapi.dll
0x00007ffd2c3e0000 - 0x00007ffd2c3f8000 	C:\Users\User\.antigravity\extensions\redhat.java-1.54.0-win32-x64\jre\21.0.10-win32-x86_64\bin\zip.dll
0x00007ffd307e0000 - 0x00007ffd307f0000 	C:\Users\User\.antigravity\extensions\redhat.java-1.54.0-win32-x64\jre\21.0.10-win32-x86_64\bin\net.dll
0x00007ffd3a0b0000 - 0x00007ffd3a1d7000 	C:\Windows\SYSTEM32\WINHTTP.dll
0x00007ffd4ab60000 - 0x00007ffd4abcb000 	C:\Windows\system32\mswsock.dll
0x00007ffd2c1e0000 - 0x00007ffd2c1f6000 	C:\Users\User\.antigravity\extensions\redhat.java-1.54.0-win32-x64\jre\21.0.10-win32-x86_64\bin\nio.dll
0x00007ffd22400000 - 0x00007ffd22410000 	C:\Users\User\.antigravity\extensions\redhat.java-1.54.0-win32-x64\jre\21.0.10-win32-x86_64\bin\verify.dll
0x00007ffd3a5f0000 - 0x00007ffd3a617000 	C:\Users\User\.gradle\native\1def1411415f61bf3af743bc5b6707747c0891f09f0c88961ee8f79bc544acac\windows-amd64\native-platform.dll
0x00007ffd3a570000 - 0x00007ffd3a5e8000 	C:\Users\User\.gradle\native\0.2.7\x86_64-windows-gnu\gradle-fileevents.dll
0x00007ffce3820000 - 0x00007ffce382a000 	C:\Users\User\.antigravity\extensions\redhat.java-1.54.0-win32-x64\jre\21.0.10-win32-x86_64\bin\management.dll
0x00007ffce0eb0000 - 0x00007ffce0ebc000 	C:\Users\User\.antigravity\extensions\redhat.java-1.54.0-win32-x64\jre\21.0.10-win32-x86_64\bin\management_ext.dll
0x00007ffd4e2f0000 - 0x00007ffd4e2f8000 	C:\Windows\System32\PSAPI.DLL
0x00007ffd4a000000 - 0x00007ffd4a033000 	C:\Windows\SYSTEM32\IPHLPAPI.DLL
0x00007ffd4ce50000 - 0x00007ffd4ce5a000 	C:\Windows\System32\NSI.dll
0x00007ffd2bc80000 - 0x00007ffd2bc89000 	C:\Users\User\.antigravity\extensions\redhat.java-1.54.0-win32-x64\jre\21.0.10-win32-x86_64\bin\extnet.dll
0x00007ffd4af60000 - 0x00007ffd4af7b000 	C:\Windows\SYSTEM32\CRYPTSP.dll
0x00007ffd4a570000 - 0x00007ffd4a5a9000 	C:\Windows\system32\rsaenh.dll
0x00007ffd4ac10000 - 0x00007ffd4ac42000 	C:\Windows\SYSTEM32\USERENV.dll
0x00007ffd4b7b0000 - 0x00007ffd4b7da000 	C:\Windows\SYSTEM32\bcrypt.dll
0x00007ffd4adc0000 - 0x00007ffd4adcc000 	C:\Windows\SYSTEM32\CRYPTBASE.dll
0x00007ffd2dd80000 - 0x00007ffd2dd8e000 	C:\Users\User\.antigravity\extensions\redhat.java-1.54.0-win32-x64\jre\21.0.10-win32-x86_64\bin\sunmscapi.dll
0x00007ffd4baa0000 - 0x00007ffd4bc17000 	C:\Windows\System32\CRYPT32.dll
0x00007ffd4b0c0000 - 0x00007ffd4b0f0000 	C:\Windows\SYSTEM32\ncrypt.dll
0x00007ffd4b070000 - 0x00007ffd4b0af000 	C:\Windows\SYSTEM32\NTASN1.dll
0x00007ffd2c3d0000 - 0x00007ffd2c3d8000 	C:\Windows\system32\wshunix.dll
0x00007ffd2dc80000 - 0x00007ffd2dc98000 	C:\Windows\system32\napinsp.dll
0x00007ffd4a090000 - 0x00007ffd4a1ba000 	C:\Windows\SYSTEM32\DNSAPI.dll
0x00007ffcf1000000 - 0x00007ffcf1012000 	C:\Windows\System32\winrnr.dll
0x00007ffccd7d0000 - 0x00007ffccd7f2000 	C:\Windows\system32\nlansp_c.dll
0x00007ffd377e0000 - 0x00007ffd377f6000 	C:\Windows\system32\wshbth.dll
0x00007ffd39d40000 - 0x00007ffd39d4b000 	C:\Windows\System32\rasadhlp.dll
0x00007ffd42880000 - 0x00007ffd42906000 	C:\Windows\System32\fwpuclnt.dll

JVMTI agents:
C:\Users\User\.gradle\wrapper\dists\gradle-8.14-all\c2qonpi39x1mddn7hk5gh9iqj\gradle-8.14\lib\agents\gradle-instrumentation-agent-8.14.jar path:C:\Users\User\.antigravity\extensions\redhat.java-1.54.0-win32-x64\jre\21.0.10-win32-x86_64\bin\instrument.dll, loaded, initialized, instrumentlib options:none

dbghelp: loaded successfully - version: 4.0.5 - missing functions: none
symbol engine: initialized successfully - sym options: 0x614 - pdb path: .;C:\Users\User\.antigravity\extensions\redhat.java-1.54.0-win32-x64\jre\21.0.10-win32-x86_64\bin;C:\Windows\SYSTEM32;C:\Windows\WinSxS\amd64_microsoft.windows.common-controls_6595b64144ccf1df_6.0.26100.8037_none_3e092faae333b53b;C:\Users\User\.antigravity\extensions\redhat.java-1.54.0-win32-x64\jre\21.0.10-win32-x86_64\bin\server;C:\Users\User\.gradle\native\1def1411415f61bf3af743bc5b6707747c0891f09f0c88961ee8f79bc544acac\windows-amd64;C:\Users\User\.gradle\native\0.2.7\x86_64-windows-gnu

VM Arguments:
jvm_args: --add-opens=java.base/java.lang=ALL-UNNAMED --add-opens=java.base/java.lang.invoke=ALL-UNNAMED --add-opens=java.base/java.util=ALL-UNNAMED --add-opens=java.prefs/java.util.prefs=ALL-UNNAMED --add-exports=jdk.compiler/com.sun.tools.javac.api=ALL-UNNAMED --add-exports=jdk.compiler/com.sun.tools.javac.util=ALL-UNNAMED --add-opens=java.base/java.util=ALL-UNNAMED --add-opens=java.prefs/java.util.prefs=ALL-UNNAMED --add-opens=java.base/java.nio.charset=ALL-UNNAMED --add-opens=java.base/java.net=ALL-UNNAMED --add-opens=java.base/java.util.concurrent.atomic=ALL-UNNAMED --add-opens=java.xml/javax.xml.namespace=ALL-UNNAMED -XX:MaxMetaspaceSize=512m -Xmx4g -Dfile.encoding=UTF-8 -Duser.country=CO -Duser.language=es -Duser.variant -javaagent:C:\Users\User\.gradle\wrapper\dists\gradle-8.14-all\c2qonpi39x1mddn7hk5gh9iqj\gradle-8.14\lib\agents\gradle-instrumentation-agent-8.14.jar 
java_command: org.gradle.launcher.daemon.bootstrap.GradleDaemon 8.14
java_class_path (initial): C:\Users\User\.gradle\wrapper\dists\gradle-8.14-all\c2qonpi39x1mddn7hk5gh9iqj\gradle-8.14\lib\gradle-daemon-main-8.14.jar
Launcher Type: SUN_STANDARD

[Global flags]
     intx CICompilerCount                          = 4                                         {product} {ergonomic}
   size_t CompressedClassSpaceSize                 = 436207616                                 {product} {ergonomic}
     uint ConcGCThreads                            = 2                                         {product} {ergonomic}
     uint G1ConcRefinementThreads                  = 8                                         {product} {ergonomic}
   size_t G1HeapRegionSize                         = 2097152                                   {product} {ergonomic}
    uintx GCDrainStackTargetSize                   = 64                                        {product} {ergonomic}
   size_t InitialHeapSize                          = 130023424                                 {product} {ergonomic}
   size_t MarkStackSize                            = 4194304                                   {product} {ergonomic}
   size_t MaxHeapSize                              = 4294967296                                {product} {command line}
   size_t MaxMetaspaceSize                         = 536870912                                 {product} {command line}
   size_t MaxNewSize                               = 2575302656                                {product} {ergonomic}
   size_t MinHeapDeltaBytes                        = 2097152                                   {product} {ergonomic}
   size_t MinHeapSize                              = 8388608                                   {product} {ergonomic}
    uintx NonNMethodCodeHeapSize                   = 5839372                                {pd product} {ergonomic}
    uintx NonProfiledCodeHeapSize                  = 122909434                              {pd product} {ergonomic}
    uintx ProfiledCodeHeapSize                     = 122909434                              {pd product} {ergonomic}
    uintx ReservedCodeCacheSize                    = 251658240                              {pd product} {ergonomic}
     bool SegmentedCodeCache                       = true                                      {product} {ergonomic}
   size_t SoftMaxHeapSize                          = 4294967296                             {manageable} {ergonomic}
     bool UseCompressedOops                        = true                           {product lp64_product} {ergonomic}
     bool UseG1GC                                  = true                                      {product} {ergonomic}
     bool UseLargePagesIndividualAllocation        = false                                  {pd product} {ergonomic}

Logging:
Log output configuration:
 #0: stdout all=warning uptime,level,tags foldmultilines=false
 #1: stderr all=off uptime,level,tags foldmultilines=false

Release file:
JAVA_VERSION="21.0.10" 
MODULES="java.base java.compiler java.datatransfer java.xml java.prefs java.desktop java.instrument java.logging java.management java.security.sasl java.naming java.rmi java.management.rmi java.net.http java.scripting java.security.jgss java.transaction.xa java.sql java.sql.rowset java.xml.crypto java.se java.smartcardio jdk.accessibility jdk.internal.jvmstat jdk.attach jdk.charsets jdk.internal.opt jdk.zipfs jdk.compiler jdk.crypto.ec jdk.crypto.cryptoki jdk.crypto.mscapi jdk.dynalink jdk.internal.ed jdk.editpad jdk.hotspot.agent jdk.httpserver jdk.internal.le jdk.internal.vm.ci jdk.internal.vm.compiler jdk.internal.vm.compiler.management jdk.jartool jdk.javadoc jdk.jcmd jdk.management jdk.management.agent jdk.jconsole jdk.jdeps jdk.jdwp.agent jdk.jdi jdk.jfr jdk.jshell jdk.jsobject jdk.jstatd jdk.localedata jdk.management.jfr jdk.naming.dns jdk.naming.rmi jdk.net jdk.nio.mapmode jdk.random jdk.sctp jdk.security.auth jdk.security.jgss jdk.unsupported jdk.unsupported.desktop jdk.xml.dom" 

Environment Variables:
PATH=C:\Program Files\Eclipse Adoptium\jdk-25.0.2.10-hotspot\bin;C:\Windows\system32;C:\Windows;C:\Windows\System32\Wbem;C:\Windows\System32\WindowsPowerShell\v1.0\;C:\Windows\System32\OpenSSH\;C:\Program Files\nodejs\;C:\Program Files\Git\cmd;C:\sqlite;C:\Program Files (x86)\Windows Kits\10\Windows Performance Toolkit\;C:\Users\User\AppData\Local\Android\Sdk\platform-tools;C:\Users\User\AppData\Local\Programs\Python\Python312\Scripts\;C:\Users\User\AppData\Local\Programs\Python\Python312\;C:\Users\User\AppData\Local\Programs\Python\Launcher\;C:\Users\User\Desktop\flutter_windows_3.41.5-stable\flutter\bin;C:\Users\User\Desktop\flutter_windows_3.41.5-stable\flutter\bin;C:\Users\User\.local\bin;C:\Users\User\AppData\Local\Microsoft\WindowsApps;C:\Users\User\AppData\Roaming\npm;C:\Users\User\AppData\Local\Programs\Microsoft VS Code\bin;C:\Users\User\AppData\Local\Programs\Antigravity\bin
USERNAME=User
OS=Windows_NT
PROCESSOR_IDENTIFIER=Intel64 Family 6 Model 140 Stepping 1, GenuineIntel
TMP=C:\Users\User\AppData\Local\Temp
TEMP=C:\Users\User\AppData\Local\Temp




Periodic native trim disabled

---------------  S Y S T E M  ---------------

OS:
 Windows 11 , 64 bit Build 26100 (10.0.26100.7920)
OS uptime: 0 days 0:08 hours
Hyper-V role detected

CPU: total 8 (initial active 8) (4 cores per cpu, 2 threads per core) family 6 model 140 stepping 1 microcode 0x86, cx8, cmov, fxsr, ht, mmx, 3dnowpref, sse, sse2, sse3, ssse3, sse4.1, sse4.2, popcnt, lzcnt, tsc, tscinvbit, avx, avx2, aes, erms, clmul, bmi1, bmi2, adx, avx512f, avx512dq, avx512cd, avx512bw, avx512vl, sha, fma, vzeroupper, avx512_vpopcntdq, avx512_vpclmulqdq, avx512_vaes, avx512_vnni, clflush, clflushopt, clwb, avx512_vbmi2, avx512_vbmi, hv, rdtscp, rdpid, fsrm, gfni, avx512_bitalg, f16c, cet_ibt, cet_ss, avx512_ifma
Processor Information for the first 8 processors :
  Max Mhz: 2419, Current Mhz: 2419, Mhz Limit: 2419

Memory: 4k page, system-wide physical 7890M (514M free)
TotalPageFile size 21714M (AvailPageFile size 6742M)
current process WorkingSet (physical memory assigned to process): 681M, peak: 683M
current process commit charge ("private bytes"): 774M, peak: 775M

vm_info: OpenJDK 64-Bit Server VM (21.0.10+7-LTS) for windows-amd64 JRE (21.0.10+7-LTS), built on 2026-01-20T00:00:00Z by "admin" with MS VC++ 17.12 (VS2022)

END.
